"SITE","FEATURE","OBJECT","POTTERY","TypeOrig","muendungsD","muendungsH","minD","minD_H","maxD","maxD_H","bodenD","SOURCE","dbID"
"Iyonda","81/1","-2/I:2","Imbonga",,,,,,,,,"Wotzka1995_p441_pl7-1",
"Iyonda","81/1",,"Imbonga",,,,,,,,,"Wotzka1995_p441_pl7-2",
"Iyonda","81/1",,"Imbonga",,,,,,,,,"Wotzka1995_p441_pl7-3",
"Iyonda","81/1",,"Imbonga",,,,,,,,,"Wotzka1995_p441_pl7-4",
"Iyonda","81/1",,"Imbonga",,,,,,,,,"Wotzka1995_p441_pl7-5",
"Iyonda","81/1",,"Imbonga",,,,,,,,,"Wotzka1995_p441_pl7-6",
"Iyonda","81/1","-2/I:5","Imbonga",,,,,,,,,"Wotzka1995_p441_pl7-7",
"Iyonda","81/1","-2/I:6","Imbonga",,,,,,,,,"Wotzka1995_p441_pl7-8",
"Iyonda","81/1",,,,,,,,,,,"Wotzka1995_p442_pl8-1",
"Iyonda","81/1",,"Imbonga",,,,,,,,,"Wotzka1995_p442_pl8-2",
"Iyonda","81/1",,"Lingonda",,,,,,,,,"Wotzka1995_p442_pl8-3",
"Iyonda","81/2",,"Botendo",,,,,,,,,"Wotzka1995_p442_pl8-4",
"Iyonda","81/2",,"Monkoto",,,,,,,,,"Wotzka1995_p442_pl8-5",
"Iyonda","81/2",,"Nkile",,,,,,,,,"Wotzka1995_p442_pl8-6",
"Iyonda","81/2",,,,,,,,,,,"Wotzka1995_p442_pl8-7",
"Iyonda","81/2",,"Botendo",,,,,,,,,"Wotzka1995_p442_pl8-8",
"Iyonda","81/2",,,,,,,,,,,"Wotzka1995_p442_pl8-9",
"Iyonda","81/2",,"Monkoto/Bokuma",,,,,,,,,"Wotzka1995_p442_pl8-10",
"Iyonda","81/2",,"Monkoto/Bokuma",,,,,,,,,"Wotzka1995_p442_pl8-11",
"Iyonda","81/2","-0-1:2","Monkoto/Bokuma",,,,,,,,,"Wotzka1995_p442_pl8-12",
"Iyonda","81/2",,,,,,,,,,,"Wotzka1995_p442_pl8-13",
"Mbandaka","81/1","-1","Bondongo",,,,,,,,,"Wotzka1995_p443_pl9-1",
"Mbandaka","81/2","-1","Botendo",,,,,,,,,"Wotzka1995_p443_pl9-2",
"Mbandaka","81/2","/I-1","Nkile",,,,,,,,,"Wotzka1995_p443_pl9-3",
"Mbandaka","81/2","/I-2","Nkile",,,,,,,,,"Wotzka1995_p443_pl9-4",
"Mbandaka","81/2","/I-4","Botendo/Ikenge",,,,,,,,,"Wotzka1995_p443_pl9-5",
"Mbandaka","81/2","/I-3","Bondongo",,,,,,,,,"Wotzka1995_p443_pl9-6",
"Mbandaka","81/2",,"Bondongo",,,,,,,,,"Wotzka1995_p443_pl9-7",
"Mbandaka","81/2","/I-3","Bondongo",,,,,,,,,"Wotzka1995_p443_pl9-8",
"Mbandaka","81/2",,"Bondongo",,,,,,,,,"Wotzka1995_p443_pl9-9",
"Mbandaka","81/2","/I-4","Bondongo",,,,,,,,,"Wotzka1995_p443_pl9-10",
"Mbandaka","81/2",,"Bondongo",,,,,,,,,"Wotzka1995_p443_pl9-11",
"Mbandaka","81/2","/I-7","Bondongo",,,,,,,,,"Wotzka1995_p443_pl9-12",
"Mbandaka","81/2",,"Bondongo",,,,,,,,,"Wotzka1995_p443_pl9-13",
"Mbandaka","81/2",,"Bondongo",,,,,,,,,"Wotzka1995_p443_pl9-14",
"Mbandaka","81/2","/I-7","Bondongo",,,,,,,,,"Wotzka1995_p443_pl9-15",
"Mbandaka","81/2","/I-7","Bondongo",,12.2,10.5,11,8.8,15,3.8,0,"Wotzka1995_p443_pl9-16",
"Mbandaka","81/2","-6","Bondongo",,13.5,12.2,12.5,10,17.4,5,0,"Wotzka1995_p443_pl9-17",
"Mbandaka","81/2",,"Bondongo",,,,,,,,,"Wotzka1995_p444_pl10-1",
"Mbandaka","81/2","-2","Bondongo",,,,,,,,,"Wotzka1995_p444_pl10-2",
"Mbandaka","81/2",,"Bondongo",,,,,,,,,"Wotzka1995_p444_pl10-3",
"Mbandaka","81/2","-3+4","Bondongo/Mbandaka",,,,,,,,,"Wotzka1995_p444_pl10-4",
"Mbandaka","81/2",,"Bondongo",,,,,,,,,"Wotzka1995_p444_pl10-5",
"Mbandaka","81/2","-5","Bondongo",,,,,,,,,"Wotzka1995_p444_pl10-6",
"Mbandaka","81/2",,"Bondongo",,,,,,,,,"Wotzka1995_p444_pl10-7",
"Mbandaka","81/2","/I-1",,,,,,,,,,"Wotzka1995_p444_pl10-8",
"Mbandaka","81/2","-5+6","Bondongo",,,,,,,,,"Wotzka1995_p444_pl10-9",
"Mbandaka","81/2","/I-3","Bondongo",,,,,,,,,"Wotzka1995_p444_pl10-10",
"Mbandaka","81/2",,"Bondongo",,,,,,,,,"Wotzka1995_p444_pl10-11",
"Mbandaka","81/2","/I-6","Bondongo",,,,,,,,,"Wotzka1995_p444_pl10-12",
"Mbandaka","81/2","/I-5:20","Bondongo",,,,,,,,,"Wotzka1995_p444_pl10-13",
"Mbandaka","81/2","/I-7:15","Bondongo",,,,,,,,,"Wotzka1995_p444_pl10-14",
"Mbandaka","81/2","-6","Bondongo",,,,,,,,,"Wotzka1995_p444_pl10-15",
"Mbandaka","81/2","-5","Bondongo",,,,,,,,,"Wotzka1995_p444_pl10-16",
"Mbandaka","81/2","/I-7:36","Bondongo",,,,,,,,,"Wotzka1995_p444_pl10-17",
"Mbandaka","81/2","/I-7:50","Bondongo",,,,,,,,,"Wotzka1995_p444_pl10-18",
"Mbandaka","81/2","-5","Bondongo",,,,,,,,,"Wotzka1995_p445_pl11-1",
"Mbandaka","81/2","/I-5","Bondongo",,,,,,,,,"Wotzka1995_p445_pl11-2",
"Mbandaka","81/2","/I","Bondongo/Mbandaka",,8.8,3.5,11,3.2,8.8,2.5,0,"Wotzka1995_p445_pl11-3",
"Mbandaka","81/2","-5+6","Bondongo",,,,,,,,,"Wotzka1995_p445_pl11-4",
"Mbandaka","81/2",,"Bondongo",,,,,,,,,"Wotzka1995_p445_pl11-5",
"Mbandaka","81/2","/I-2","Bondongo/Mbandaka",,,,,,,,,"Wotzka1995_p445_pl11-6",
"Mbandaka","81/2",,"Bondongo",,,,,,,,,"Wotzka1995_p445_pl11-7",
"Mbandaka","81/2",,,,,,,,,,,"Wotzka1995_p445_pl11-8",
"Mbandaka","81/2","/I-7","Bondongo/Mbandaka",,,,,,,,,"Wotzka1995_p445_pl11-9",
"Mbandaka","81/2","/I-2",,,,,,,,,,"Wotzka1995_p445_pl11-10",
"Mbandaka","81/2",,"Bondongo/Mbandaka",,,,,,,,,"Wotzka1995_p445_pl11-11",
"Mbandaka","81/2","/I-2",,,,,,,,,,"Wotzka1995_p445_pl11-12",
"Mbandaka","81/2","/I-7",,,,,,,,,,"Wotzka1995_p445_pl11-13",
"Mbandaka","81/2","-4",,,,,,,,,,"Wotzka1995_p445_pl11-14",
"Mbandaka","81/2","-6","Mbandaka",,,,,,,,,"Wotzka1995_p446_pl12-1",
"Mbandaka","81/2","/I-7","Mbandaka",,,,,,,,,"Wotzka1995_p446_pl12-2",
"Mbandaka","81/2","-5","Mbandaka",,,,,,,,,"Wotzka1995_p446_pl12-3",
"Mbandaka","81/2",,"Mbandaka",,,,,,,,,"Wotzka1995_p446_pl12-4",
"Mbandaka","81/2",,"Mbandaka",,,,,,,,,"Wotzka1995_p446_pl12-5",
"Mbandaka","81/2",,"Mbandaka",,,,,,,,,"Wotzka1995_p446_pl12-6",
"Mbandaka","81/2","-2+3+6","Mbandaka",,,,,,,,,"Wotzka1995_p446_pl12-7",
"Mbandaka","81/2","-2","Mbandaka",,,,,,,,,"Wotzka1995_p446_pl12-8",
"Mbandaka","81/2","-3","Mbandaka",,,,,,,,,"Wotzka1995_p446_pl12-9",
"Mbandaka","81/2","-6","Mbandaka",,,,,,,,,"Wotzka1995_p446_pl12-10",
"Mbandaka","81/2","/I","Mbandaka",,,,,,,,,"Wotzka1995_p446_pl12-11",
"Mbandaka","81/2","/I-7","Mbandaka",,,,,,,,,"Wotzka1995_p447_pl13-1",
"Mbandaka","81/2",,"Mbandaka",,,,,,,,,"Wotzka1995_p447_pl13-2",
"Mbandaka","81/2",,"Mbandaka",,,,,,,,,"Wotzka1995_p447_pl13-3",
"Mbandaka","81/2","/I-7","Mbandaka",,,,,,,,,"Wotzka1995_p447_pl13-4",
"Mbandaka","81/2","/I-7","Mbandaka",,,,,,,,,"Wotzka1995_p447_pl13-5",
"Mbandaka","81/3","-4","Botendo",,,,,,,,,"Wotzka1995_p448_pl14-1",
"Mbandaka","81/3","-3","Botendo",,,,,,,,,"Wotzka1995_p448_pl14-2",
"Mbandaka","81/3","-2","Bondongo",,,,,,,,,"Wotzka1995_p448_pl14-3",
"Mbandaka","81/3","-1","Bondongo",,,,,,,,,"Wotzka1995_p448_pl14-4",
"Bikoro",,,"Inganda","Wotzka1995 - 20",15.5,15.1,14.2,13.5,16.5,6.2,6.8,"Wotzka1995_p448_pl14-5",
"Mbandaka",,,"Inganda","Wotzka1995 - 22",7.8,14.2,8.8,10.5,12.1,8.5,4.8,"Wotzka1995_p448_pl14-6",
"Inganda",,,"Inganda",,,,,,,,,"Wotzka1995_p448_pl14-7",
"Mbandaka",,,"Lokondolo",,,,,,,,,"Wotzka1995_p448_pl14-8",
"Mbandaka",,,"Longa",,7.8,6.8,7.5,5.8,10.2,3.2,7,"Wotzka1995_p448_pl14-9",
"Irebu",,,"Longa",,,,,,,,,"Wotzka1995_p448_pl14-10",
"Mbandaka",,,"Bondongo",,4,14.5,4,10,16.7,5.3,4.7,"Wotzka1995_p449_pl15-1",
"Mbandaka",,,"Bondongo",,,,,,,,,"Wotzka1995_p449_pl15-2",
"Mbandaka",,,"Bondongo",,,,,,,,,"Wotzka1995_p449_pl15-3",
"Mbandaka",,,"Bondongo",,,,,,,,,"Wotzka1995_p449_pl15-4",
"Mbandaka",,,"Bondongo",,,,,,,,,"Wotzka1995_p449_pl15-5",
"Iyonda",,,"Botendo",,,,,,,,,"Wotzka1995_p449_pl15-6",
"Mbandaka",,,"Mbandaka",,,,,,,,,"Wotzka1995_p449_pl15-7",
"Mbandaka",,,"Botendo",,,,,,,,,"Wotzka1995_p449_pl15-8",
"Mbandaka",,,,,,,,,,,,"Wotzka1995_p449_pl15-9",
"Mbandaka",,,"Uele-Import",,9.3,15,18.7,8.3,18.7,8.3,8.3,"Wotzka1995_p449_pl15-10",
"Bamanya","81/1",,"Nkile/Botendo",,,,,,,,,"Wotzka1995_p450_pl16-1",
"Bamanya","81/1",,"Bondongo",,,,,,,,,"Wotzka1995_p450_pl16-2",
"Bamanya","81/1",,"Nkile/Botendo",,,,,,,,,"Wotzka1995_p450_pl16-3",
"Bamanya","81/1",,"Bondongo",,,,,,,,,"Wotzka1995_p450_pl16-4",
"Bamanya","81/2",,"Botendo",,,,,,,,,"Wotzka1995_p450_pl16-5",
"Bamanya","83/1",,"Nkile",,,,,,,,,"Wotzka1995_p450_pl16-6",
"Bamanya","83/1",,"Nkile",,,,,,,,,"Wotzka1995_p450_pl16-7",
"Bamanya","83/1",,"Nkile",,,,,,,,,"Wotzka1995_p450_pl16-8",
"Bamanya","83/1",,"Bondongo",,,,,,,,,"Wotzka1995_p450_pl16-9",
"Bamanya","83/1",,"Bondongo",,,,,,,,,"Wotzka1995_p450_pl16-10",
"Bamanya","83/1",,"Bondongo",,,,,,,,,"Wotzka1995_p450_pl16-11",
"Bamanya","83/1",,"Bondongo",,,,,,,,,"Wotzka1995_p451_pl17-1",
"Bamanya","83/1",,"Bondongo",,,,,,,,,"Wotzka1995_p451_pl17-2",
"Bamanya","83/1",,"Bondongo",,,,,,,,,"Wotzka1995_p451_pl17-3",
"Bamanya","83/1",,"Bondongo",,,,,,,,,"Wotzka1995_p451_pl17-4",
"Bamanya","83/1",,"Bondongo",,,,,,,,,"Wotzka1995_p451_pl17-5",
"Bamanya","83/2",,"Nkile",,,,,,,,,"Wotzka1995_p452_pl18-1",
"Bamanya","83/2",,"Nkile",,,,,,,,,"Wotzka1995_p452_pl18-2",
"Bamanya","83/2",,"Nkile",,,,,,,,,"Wotzka1995_p452_pl18-3",
"Bokele","81/1",,"Imbonga",,,,,,,,,"Wotzka1995_p452_pl18-4",
"Bokele","81/1",,"Imbonga",,,,,,,,,"Wotzka1995_p452_pl18-5",
"Bokele","81/1",,"Imbonga",,,,,,,,,"Wotzka1995_p452_pl18-6",
"Bokele","81/1",,"Imbonga",,,,,,,,,"Wotzka1995_p452_pl18-7",
"Bokele","81/1",,"Imbonga",,,,,,,,,"Wotzka1995_p452_pl18-8",
"Bokele","81/1",,"Imbonga",,,,,,,,,"Wotzka1995_p452_pl18-9",
"Bokele","81/1",,"Imbonga",,,,,,,,,"Wotzka1995_p452_pl18-10",
"Bokele","81/1",,"Imbonga",,,,,,,,,"Wotzka1995_p452_pl18-11",
"Bokele","81/1",,"Imbonga",,,,,,,,,"Wotzka1995_p452_pl18-12",
"Bokele","81/1",,"Imbonga",,,,,,,,,"Wotzka1995_p452_pl18-13",
"Bokele","81/1",,"Imbonga",,,,,,,,,"Wotzka1995_p452_pl18-14",
"Bokele","81/1",,"Imbonga",,,,,,,,,"Wotzka1995_p452_pl18-15",
"Bokele","81/1",,"Imbonga",,,,,,,,,"Wotzka1995_p452_pl18-16",
"Bokele","81/1",,"Imbonga",,,,,,,,,"Wotzka1995_p452_pl18-17",
"Bokele","81/1",,"Imbonga",,,,,,,,,"Wotzka1995_p452_pl18-18",
"Bokele","81/1",,"Imbonga",,,,,,,,,"Wotzka1995_p452_pl18-19",
"Bokele","81/1",,"Imbonga",,,,,,,,,"Wotzka1995_p452_pl18-20",
"Bokele","81/1",,"Imbonga",,,,,,,,,"Wotzka1995_p452_pl18-21",
"Bokele","81/1",,"Imbonga",,,,,,,,,"Wotzka1995_p452_pl18-22",
"Bokele","81/1",,"Imbonga",,,,,,,,,"Wotzka1995_p453_pl19-1",
"Bokele","81/1",,"Imbonga","Wotzka1995 - 2",19,9.3,19,9.3,19,9.3,8,"Wotzka1995_p453_pl19-2",
"Bokele","81/1",,"Imbonga",,13.7,13.3,12.5,11,16.3,7.7,6.7,"Wotzka1995_p453_pl19-3",
"Bokele","81/1","15","Imbonga",,17.7,8.7,17.7,8.7,17.7,8.7,6.3,"Wotzka1995_p453_pl19-4",
"Bokele","81/1",,"Imbonga",,12.3,15.3,11.3,14,17.7,9.3,6,"Wotzka1995_p453_pl19-5",
"Bokele","81/1",,"Imbonga","Wotzka1995 - 2",19.3,10.3,19.3,10.3,19.3,10.3,7.7,"Wotzka1995_p453_pl19-6",
"Bokele","81/1",,"Imbonga",,,,,,,,,"Wotzka1995_p453_pl19-7",
"Bokele","81/1",,"Imbonga",,,,,,,,,"Wotzka1995_p453_pl19-8",
"Bokele","81/1",,"Imbonga",,,,,,,,,"Wotzka1995_p453_pl19-9",
"Bokele","81/1",,"Imbonga",,,,,,,,,"Wotzka1995_p453_pl19-10",
"Bokele","81/2","/I","Bokele",,,,,,,,,"Wotzka1995_p454_pl20-1",
"Bokele","81/2","/II","Lingonda",,,,,,,,,"Wotzka1995_p454_pl20-2",
"Bokele","81/2","/II","Bokuma/Lindonga",,,,,,,,,"Wotzka1995_p454_pl20-3",
"Bokele","81/2","/II","Bokele",,,,,,,,,"Wotzka1995_p454_pl20-4",
"Bokele","81/2","-2:7","Bokele",,,,,,,,,"Wotzka1995_p454_pl20-5",
"Bokele","81/2","-2:5","Bokele",,14.2,11,14.2,11,15.7,3.7,7.3,"Wotzka1995_p454_pl20-6",
"Bokele","81/2","-2:10","Bokele",,28.7,30.3,24.2,28.3,28.7,13,10,"Wotzka1995_p454_pl20-7",
"Bokele","81/3","-2","Longa",,,,,,,,,"Wotzka1995_p455_pl21-1",
"Bokele","81/3","-1:1 -2-2:1","Longa",,12.5,11.8,12.1,9.5,15.4,6,0,"Wotzka1995_p455_pl21-2",
"Bokele","81/3","-1","Longa",,,,,,,,,"Wotzka1995_p455_pl21-3",
"Bokele","81/3","-1","Longa",,,,,,,,,"Wotzka1995_p455_pl21-4",
"Bokele","81/3","-1","Longa",,,,,,,,,"Wotzka1995_p455_pl21-5",
"Bokele","81/3","-1","Lokondola","Wotzka1995 - 27",,,,,,,,"Wotzka1995_p455_pl21-6",
"Bokele","81/3","-1","Lingonda",,,,,,,,,"Wotzka1995_p455_pl21-7",
"Bokele","81/3","-1","Lingonda",,,,,,,,,"Wotzka1995_p455_pl21-8",
"Bokele","81/3","-1","Lingonda",,,,,,,,,"Wotzka1995_p455_pl21-9",
"Bokele","81/4",,"Longa",,,,,,,,,"Wotzka1995_p456_pl22-1",
"Bokele","81/4",,"Longa",,,,,,,,,"Wotzka1995_p456_pl22-2",
"Bokele","81/4",,"Longa",,,,,,,,,"Wotzka1995_p456_pl22-3",
"Bokele","81/4",,"Longa",,,,,,,,,"Wotzka1995_p456_pl22-4",
"Bokele","81/4",,"Longa",,,,,,,,,"Wotzka1995_p456_pl22-5",
"Bokele","81/4",,"Longa",,,,,,,,,"Wotzka1995_p456_pl22-6",
"Bokele","81/4",,"Longa",,,,,,,,,"Wotzka1995_p456_pl22-7",
"Bokele","81/4","41","Longa",,,,,,,,,"Wotzka1995_p456_pl22-8",
"Bokele","81/4",,"Longa",,,,,,,,,"Wotzka1995_p456_pl22-9",
"Bokele","81/4",,"Longa",,,,,,,,,"Wotzka1995_p456_pl22-10",
"Bokele","81/4","28","Longa",,,,,,,,,"Wotzka1995_p456_pl22-11",
"Bokele","81/4",,"Longa",,,,,,,,,"Wotzka1995_p456_pl22-12",
"Bokele","81/4","26","Longa",,,,,,,,,"Wotzka1995_p456_pl22-13",
"Bokele","81/4","23","Longa",,,,,,,,,"Wotzka1995_p456_pl22-14",
"Bokele","81/4",,"Longa",,,,,,,,,"Wotzka1995_p457_pl23-1",
"Bokele","81/4",,"Longa",,,,,,,,,"Wotzka1995_p457_pl23-2",
"Bokele","81/4",,"Longa/Bondongo",,,,,,,,,"Wotzka1995_p457_pl23-3",
"Bokele","81/4",,"Longa",,,,,,,,,"Wotzka1995_p457_pl23-4",
"Bokele","81/4",,"Longa",,,,,,,,,"Wotzka1995_p457_pl23-5",
"Bokele","81/4",,"Longa",,,,,,,,,"Wotzka1995_p457_pl23-6",
"Bokele","81/4",,"Mbandaka",,,,,,,,,"Wotzka1995_p457_pl23-7",
"Bokele","81/4",,"Mbandaka",,,,,,,,,"Wotzka1995_p457_pl23-8",
"Bokele","81/4",,,,,,,,,,,"Wotzka1995_p457_pl23-9",
"Bokele","81/4",,"Mbandaka",,,,,,,,,"Wotzka1995_p457_pl23-10",
"Bokele","81/4",,"Lingonda",,,,,,,,,"Wotzka1995_p457_pl23-11",
"Bokele","81/4",,"Bokuma",,,,,,,,,"Wotzka1995_p457_pl23-12",
"Bokele","81/4",,"Mbandaka",,,,,,,,,"Wotzka1995_p457_pl23-13",
"Bokele","81/4",,,,,,,,,,,"Wotzka1995_p457_pl23-14",
"Nkile","1","0","Botendo",,,,,,,,,"Wotzka1995_p458_pl24-1",
"Nkile","1","/IV-1","Botendo",,,,,,,,,"Wotzka1995_p458_pl24-2",
"Nkile","1","/IV-1","Botendo",,,,,,,,,"Wotzka1995_p458_pl24-3",
"Nkile","1","/IV-2-(4)","Botendo",,,,,,,,,"Wotzka1995_p458_pl24-4",
"Nkile","1","/III-1+IV-1","Botendo",,,,,,,,,"Wotzka1995_p458_pl24-5",
"Nkile","1","/IV-3","Botendo",,,,,,,,,"Wotzka1995_p458_pl24-6",
"Nkile","1","/II-2-(4)","Nkile",,,,,,,,,"Wotzka1995_p458_pl24-7",
"Nkile","1","/III-2-(4)","Nkile",,,,,,,,,"Wotzka1995_p458_pl24-8",
"Nkile","1","/II-2-(4)","Nkile",,,,,,,,,"Wotzka1995_p458_pl24-9",
"Nkile","1","/IV-3","Nkile",,,,,,,,,"Wotzka1995_p458_pl24-10",
"Nkile","1","/II-2-(4)","Nkile",,,,,,,,,"Wotzka1995_p458_pl24-11",
"Nkile","1","/II-2-(4)","Nkile",,,,,,,,,"Wotzka1995_p458_pl24-12",
"Nkile","1","/II-2","Nkile",,,,,,,,,"Wotzka1995_p458_pl24-13",
"Nkile","1","/II-2-(4)","Nkile",,,,,,,,,"Wotzka1995_p458_pl24-14",
"Nkile","1","/IV-2+(4)+3","Nkile",,,,,,,,,"Wotzka1995_p459_pl25-1",
"Nkile","1","/II-2-(4)","Nkile",,,,,,,,,"Wotzka1995_p459_pl25-2",
"Nkile","1","/III-2-(4)","Nkile",,,,,,,,,"Wotzka1995_p459_pl25-3",
"Nkile","1","/IV-2-(4)","Nkile",,,,,,,,,"Wotzka1995_p459_pl25-4",
"Nkile","1","-2-(4)","Nkile",,,,,,,,,"Wotzka1995_p459_pl25-5",
"Nkile","1","/IV-2-(4)","Nkile",,,,,,,,,"Wotzka1995_p459_pl25-6",
"Nkile","1","/III-2-(4)","Nkile",,,,,,,,,"Wotzka1995_p459_pl25-7",
"Nkile","1","/III-2-(4)","Nkile",,,,,,,,,"Wotzka1995_p459_pl25-8",
"Nkile","1","/IV-4","Nkile",,,,,,,,,"Wotzka1995_p459_pl25-9",
"Nkile","1","-2-(4)","Nkile",,,,,,,,,"Wotzka1995_p459_pl25-10",
"Nkile","1","/III-2-(4)","Nkile",,,,,,,,,"Wotzka1995_p459_pl25-11",
"Nkile","1","/III-2-(4)","Nkile",,,,,,,,,"Wotzka1995_p459_pl25-12",
"Nkile","1","/II-2-(4)","Nkile",,,,,,,,,"Wotzka1995_p459_pl25-13",
"Nkile","1","/III-2","Nkile",,,,,,,,,"Wotzka1995_p459_pl25-14",
"Nkile","1","-2-(4)","Nkile",,,,,,,,,"Wotzka1995_p459_pl25-15",
"Nkile","1","/III-2-(4)","Nkile",,,,,,,,,"Wotzka1995_p459_pl25-16",
"Nkile","1","/III-2-(4)","Nkile",,,,,,,,,"Wotzka1995_p460_pl26-1",
"Nkile","1","/IV-2","Nkile",,,,,,,,,"Wotzka1995_p460_pl26-2",
"Nkile","1","/II-2-(4)","Bondongo",,,,,,,,,"Wotzka1995_p460_pl26-3",
"Nkile","1","/II-2-(4)","Nkile",,,,,,,,,"Wotzka1995_p460_pl26-4",
"Nkile","1","/IV-3","Bondongo/Nkile",,,,,,,,,"Wotzka1995_p460_pl26-5",
"Nkile","1","/IV-2-(4)","Bondongo",,,,,,,,,"Wotzka1995_p460_pl26-6",
"Nkile","1","/III-2-(4)","Bondongo",,,,,,,,,"Wotzka1995_p460_pl26-7",
"Nkile","1","/II-2-(4)","Bondongo",,,,,,,,,"Wotzka1995_p460_pl26-8",
"Nkile","1","/III-2-(4)","Mbandaka",,,,,,,,,"Wotzka1995_p460_pl26-9",
"Nkile","1","/III-2-(4)","Bondongo/Mbandaka",,,,,,,,,"Wotzka1995_p460_pl26-10",
"Nkile","1","/II-2-(4)","Bondongo",,,,,,,,,"Wotzka1995_p460_pl26-11",
"Nkile","1","/III-2-(4)","Mbandaka",,,,,,,,,"Wotzka1995_p460_pl26-12",
"Nkile","1","/IV-3","Bondongo/Mbandaka",,,,,,,,,"Wotzka1995_p460_pl26-13",
"Nkile","1","-0+2-(4)","Bondongo/Mbandaka",,,,,,,,,"Wotzka1995_p460_pl26-14",
"Nkile","1","-2-(4)","Longa",,,,,,,,,"Wotzka1995_p460_pl26-15",
"Nkile","1","/III-2-(4)","Longa",,,,,,,,,"Wotzka1995_p460_pl26-16",
"Nkile","1","/IV-3","Monkotokoto",,,,,,,,,"Wotzka1995_p460_pl26-17",
"Nkile","1","-2+1 /III-2-(4)","Longa",,,,,,,,,"Wotzka1995_p460_pl26-18",
"Nkile","1","/III-2-(4)","Longa",,,,,,,,,"Wotzka1995_p460_pl26-19",
"Nkile","1","/III-3","Lokondola",,,,,,,,,"Wotzka1995_p460_pl26-20",
"Nkile","1","/III-3","Lokondola","Wotzka1995 - 27",,,,,,,,"Wotzka1995_p460_pl26-21",
"Nkile","1","/IV-4","Lokondola","Wotzka1995 - 27",,,,,,,,"Wotzka1995_p460_pl26-22",
"Nkile","1","/IV-4","Lokondola","Wotzka1995 - 27",,,,,,,,"Wotzka1995_p461_pl27-1",
"Nkile","1","/III-2-(4)","Lokondola","Wotzka1995 - 27",,,,,,,,"Wotzka1995_p461_pl27-2",
"Nkile","1","/IV-3","Lokondola","Wotzka1995 - 27",,,,,,,,"Wotzka1995_p461_pl27-3",
"Nkile","1","/IV-4","Lokondola",,,,,,,,,"Wotzka1995_p461_pl27-4",
"Nkile","1","/IV-3","Lokondola","Wotzka1995 - 28",,,,,,,,"Wotzka1995_p461_pl27-5",
"Nkile","1","/IV-3","Imbonga",,,,,,,,,"Wotzka1995_p461_pl27-6",
"Nkile","1","/IV-3","Imbonga",,,,,,,,,"Wotzka1995_p461_pl27-7",
"Nkile","1","/IV-3","Imbonga",,,,,,,,,"Wotzka1995_p461_pl27-8",
"Nkile","1","/IV-3","Imbonga",,,,,,,,,"Wotzka1995_p461_pl27-9",
"Nkile","1","/IV-3+4","Imbonga",,,,,,,,,"Wotzka1995_p461_pl27-10",
"Nkile","1","-3",,,,,,,,,,"Wotzka1995_p461_pl27-11",
"Nkile","1","-2",,,,,,,,,,"Wotzka1995_p461_pl27-12",
"Nkile","2","-9","Botendo",,,,,,,,,"Wotzka1995_p462_pl28-1",
"Nkile","2","-8","Botendo",,,,,,,,,"Wotzka1995_p462_pl28-2",
"Nkile","2","-1","Botendo",,,,,,,,,"Wotzka1995_p462_pl28-3",
"Nkile","2","-2:1","Botendo",,,,,,,,,"Wotzka1995_p462_pl28-4",
"Nkile","2","-2:1","Botendo",,,,,,,,,"Wotzka1995_p462_pl28-5",
"Nkile","2","-2","Botendo",,,,,,,,,"Wotzka1995_p462_pl28-6",
"Nkile","2","-8","Botendo",,,,,,,,,"Wotzka1995_p462_pl28-7",
"Nkile","2","-3:2","Botendo",,,,,,,,,"Wotzka1995_p462_pl28-8",
"Nkile","2","-1","Botendo",,,,,,,,,"Wotzka1995_p462_pl28-9",
"Nkile","2","-1:14","Botendo",,,,,,,,,"Wotzka1995_p462_pl28-10",
"Nkile","2","-3","Botendo",,,,,,,,,"Wotzka1995_p462_pl28-11",
"Nkile","2","-8+6-(4)+(5)","Botendo",,,,,,,,,"Wotzka1995_p462_pl28-12",
"Nkile","2","-6","Botendo",,,,,,,,,"Wotzka1995_p462_pl28-13",
"Nkile","2","-1+6-(2)","Botendo",,,,,,,,,"Wotzka1995_p462_pl28-14",
"Nkile","2","-8","Longa",,,,,,,,,"Wotzka1995_p463_pl29-1",
"Nkile","2","-5:4","Longa",,,,,,,,,"Wotzka1995_p463_pl29-2",
"Nkile","2","-8","Longa",,,,,,,,,"Wotzka1995_p463_pl29-3",
"Nkile","2","-2","Monkotokoto",,,,,,,,,"Wotzka1995_p463_pl29-4",
"Nkile","2","-6","Longa",,,,,,,,,"Wotzka1995_p463_pl29-5",
"Nkile","2","-4","Monkotokoto",,,,,,,,,"Wotzka1995_p463_pl29-6",
"Nkile","2","-5","Monkotokoto",,,,,,,,,"Wotzka1995_p463_pl29-7",
"Nkile","2","-1","Monkotokoto",,,,,,,,,"Wotzka1995_p463_pl29-8",
"Nkile","2","-4","Monkotokoto",,,,,,,,,"Wotzka1995_p463_pl29-9",
"Nkile","2","-3","Monkotokoto",,,,,,,,,"Wotzka1995_p463_pl29-10",
"Nkile","2","-5","Lokondola",,,,,,,,,"Wotzka1995_p463_pl29-11",
"Nkile","2","-2","Lokondola",,,,,,,,,"Wotzka1995_p463_pl29-12",
"Nkile","2","-2","Lokondola",,,,,,,,,"Wotzka1995_p463_pl29-13",
"Nkile","2","-6:1","Lokondola","Wotzka1995 - 20",,,,,,,,"Wotzka1995_p463_pl29-14",
"Nkile","2","-9","Lokondola",,,,,,,,,"Wotzka1995_p463_pl29-15",
"Nkile","2","-3+4","Bonkake",,,,,,,,,"Wotzka1995_p463_pl29-16",
"Nkile","3","-3","Botendo",,,,,,,,,"Wotzka1995_p463_pl29-17",
"Nkile","3","-7+6-(3)","Botendo",,,,,,,,,"Wotzka1995_p463_pl29-18",
"Nkile","3","-1","Botendo",,,,,,,,,"Wotzka1995_p463_pl29-19",
"Nkile","3","-1","Botendo",,,,,,,,,"Wotzka1995_p463_pl29-20",
"Nkile","3","-4","Botendo",,,,,,,,,"Wotzka1995_p464_pl30-1",
"Nkile","3","-1","Botendo",,,,,,,,,"Wotzka1995_p464_pl30-2",
"Nkile","3","-2","Botendo",,,,,,,,,"Wotzka1995_p464_pl30-3",
"Nkile","3","-5","Monkotokoto",,,,,,,,,"Wotzka1995_p464_pl30-4",
"Nkile","3","-7","Botendo",,,,,,,,,"Wotzka1995_p464_pl30-5",
"Nkile","3","-5","Monkotokoto",,,,,,,,,"Wotzka1995_p464_pl30-6",
"Nkile","3","-1","Bokuma",,,,,,,,,"Wotzka1995_p464_pl30-7",
"Nkile","3","-1","Lingonda",,,,,,,,,"Wotzka1995_p464_pl30-8",
"Nkile","3","-1","Lokondola",,,,,,,,,"Wotzka1995_p464_pl30-9",
"Nkile","3","-5","Lokondola",,,,,,,,,"Wotzka1995_p464_pl30-10",
"Nkile","3","-1","Lokondola",,,,,,,,,"Wotzka1995_p464_pl30-11",
"Nkile","6","-(3)","Botendo",,,,,,,,,"Wotzka1995_p464_pl30-12",
"Nkile","6","-(5)","Botendo",,,,,,,,,"Wotzka1995_p464_pl30-13",
"Nkile","6","-(3)","Botendo",,,,,,,,,"Wotzka1995_p465_pl31-1",
"Nkile","6","-(5)","Botendo",,,,,,,,,"Wotzka1995_p465_pl31-2",
"Nkile","6","-(5)","Botendo",,,,,,,,,"Wotzka1995_p465_pl31-3",
"Nkile","6","-(3)","Botendo",,,,,,,,,"Wotzka1995_p465_pl31-4",
"Nkile","6","-(2)","Botendo",,,,,,,,,"Wotzka1995_p465_pl31-5",
"Nkile","6","-(0)+(4)+(5)","Botendo",,,,,,,,,"Wotzka1995_p465_pl31-6",
"Nkile","6","-(3)","Botendo",,,,,,,,,"Wotzka1995_p465_pl31-7",
"Nkile","6","-(3)+(4)","Botendo",,,,,,,,,"Wotzka1995_p465_pl31-8",
"Nkile","6","-(5)","Botendo",,,,,,,,,"Wotzka1995_p465_pl31-9",
"Nkile","6","-(6)","Botendo",,,,,,,,,"Wotzka1995_p465_pl31-10",
"Nkile","6","-(6)","Botendo",,,,,,,,,"Wotzka1995_p465_pl31-11",
"Nkile","6","-(5)+(6)","Botendo",,,,,,,,,"Wotzka1995_p465_pl31-12",
"Nkile","6","-(3)","Botendo",,,,,,,,,"Wotzka1995_p466_pl32-1",
"Nkile","6","-(4)","Botendo",,,,,,,,,"Wotzka1995_p466_pl32-2",
"Nkile","6","-(4)","Longa",,,,,,,,,"Wotzka1995_p466_pl32-3",
"Nkile","6","-(5)","Longa",,,,,,,,,"Wotzka1995_p466_pl32-4",
"Nkile","6","-(5)","Longa",,,,,,,,,"Wotzka1995_p466_pl32-5",
"Nkile","6","-(3)","Monkoto",,,,,,,,,"Wotzka1995_p466_pl32-6",
"Nkile","6","-(5)","Lokondola",,,,,,,,,"Wotzka1995_p466_pl32-7",
"Nkile","6","-(3)","Lokondola","Wotzka1995 - 27",,,,,,,,"Wotzka1995_p466_pl32-8",
"Nkile","6","-(4)","Lokondola",,,,,,,,,"Wotzka1995_p466_pl32-9",
"Nkile","2","-7-(5)","Botendo",,,,,,,,,"Wotzka1995_p466_pl32-10",
"Nkile","3","-3",,,,,,,,,,"Wotzka1995_p466_pl32-11",
"Nkile","2","-7-(5)","Botendo",,,,,,,,,"Wotzka1995_p466_pl32-12",
"Nkile","3","-7-(5)",,,,,,,,,,"Wotzka1995_p466_pl32-13",
"Nkile","2","-4","Botendo",,,,,,,,,"Wotzka1995_p467_pl33-1",
"Nkile","2","-7-(5)","Botendo",,,,,,,,,"Wotzka1995_p467_pl33-2",
"Nkile","2","-7-(5)","Botendo",,,,,,,,,"Wotzka1995_p467_pl33-3",
"Nkile","2","-7-(5)","Botendo",,,,,,,,,"Wotzka1995_p467_pl33-4",
"Nkile","2","-7-(5)","Botendo",,,,,,,,,"Wotzka1995_p467_pl33-5",
"Nkile","2","-7-(5)","BLD/Bokumaone",,,,,,,,,"Wotzka1995_p467_pl33-6",
"Nkile","3","-7-(5)","Monkoto",,,,,,,,,"Wotzka1995_p467_pl33-7",
"Nkile","3","-7-(5)","Longa",,,,,,,,,"Wotzka1995_p467_pl33-8",
"Nkile","4","/II-1","Botendo",,,,,,,,,"Wotzka1995_p467_pl33-9",
"Nkile","4","/III-(4)","Botendo",,,,,,,,,"Wotzka1995_p467_pl33-10",
"Nkile","4","/III-(3)","Botendo",,,,,,,,,"Wotzka1995_p467_pl33-11",
"Nkile","4","/III-(4)",,,,,,,,,,"Wotzka1995_p467_pl33-12",
"Nkile","4","/II-3","Botendo",,,,,,,,,"Wotzka1995_p467_pl33-13",
"Nkile","4","/III-(1)","Botendo",,,,,,,,,"Wotzka1995_p468_pl34-1",
"Nkile","4","/III-(2)","Botendo",,,,,,,,,"Wotzka1995_p468_pl34-2",
"Nkile","4","/III-(3)","Botendo",,,,,,,,,"Wotzka1995_p468_pl34-3",
"Nkile","4","/I-3","Bondongo/Mbandaka",,,,,,,,,"Wotzka1995_p468_pl34-4",
"Nkile","4","/I-2","Bondongo",,,,,,,,,"Wotzka1995_p468_pl34-5",
"Nkile","4","/II-4","Longa",,,,,,,,,"Wotzka1995_p468_pl34-6",
"Nkile","4","/III-(4)","Longa",,,,,,,,,"Wotzka1995_p468_pl34-7",
"Nkile","4","/II-4","Longa",,,,,,,,,"Wotzka1995_p468_pl34-8",
"Nkile","4","/I-3","Longa",,,,,,,,,"Wotzka1995_p468_pl34-9",
"Nkile","4","/I-3","Longa",,,,,,,,,"Wotzka1995_p468_pl34-10",
"Nkile","4","/II-4","Monkoto",,,,,,,,,"Wotzka1995_p469_pl35-1",
"Nkile","4","/II-5","Monkoto",,,,,,,,,"Wotzka1995_p469_pl35-2",
"Nkile","4","/II-3","Monkoto",,,,,,,,,"Wotzka1995_p469_pl35-3",
"Nkile","4","/II-6","Monkoto",,,,,,,,,"Wotzka1995_p469_pl35-4",
"Nkile","4","/II-4","Monkoto",,,,,,,,,"Wotzka1995_p469_pl35-5",
"Nkile","4","/I-3","Lokondola",,,,,,,,,"Wotzka1995_p469_pl35-6",
"Nkile","4","/III-(4)","Lokondola",,,,,,,,,"Wotzka1995_p469_pl35-7",
"Nkile","4","/I-3","Lokondola","Wotzka1995 - 28",,,,,,,,"Wotzka1995_p469_pl35-8",
"Nkile","4","/I-3","Lokondola",,,,,,,,,"Wotzka1995_p469_pl35-9",
"Nkile","4","/III-(3)","Lokondola",,,,,,,,,"Wotzka1995_p469_pl35-10",
"Nkile","4","/I-2","Lokondola","Wotzka1995 - 27",,,,,,,,"Wotzka1995_p469_pl35-11",
"Nkile","4","/III-(4)","Lokondola",,,,,,,,,"Wotzka1995_p469_pl35-12",
"Nkile","5","0","Imbonga",,,,,,,,,"Wotzka1995_p469_pl35-13",
"Bokuma","1954",,,,,,,,,,,"Wotzka1995_p469_pl35-14",
"Bokuma","1954",,"Botendo",,,,,,,,,"Wotzka1995_p469_pl35-15",
"Bokuma","1954",,,,,,,,,,,"Wotzka1995_p469_pl35-16",
"Bokuma","1954",,"Botendo",,,,,,,,,"Wotzka1995_p469_pl35-17",
"Bokuma","1954",,"Botendo",,,,,,,,,"Wotzka1995_p469_pl35-18",
"Bokuma","1954",,"Longa/Bondongo",,,,,,,,,"Wotzka1995_p469_pl35-19",
"Bokuma","1954",,"Imbonga",,,,,,,,,"Wotzka1995_p469_pl35-20",
"Bokuma","1954",,"Imbonga",,,,,,,,,"Wotzka1995_p469_pl35-21",
"Bokuma","1954",,"Imbonga",,,,,,,,,"Wotzka1995_p469_pl35-22",
"Bokuma","1954",,"Imbonga",,,,,,,,,"Wotzka1995_p469_pl35-23",
"Bokuma","1954",,"Imbonga",,,,,,,,,"Wotzka1995_p469_pl35-24",
"Bokuma","1954",,"Imbonga",,,,,,,,,"Wotzka1995_p469_pl35-25",
"Bokuma","1954",,"Imbonga",,,,,,,,,"Wotzka1995_p470_pl36-1",
"Bokuma","1954",,"Imbonga",,,,,,,,,"Wotzka1995_p470_pl36-2",
"Bokuma","1954",,"Imbonga","Wotzka1995 - 10",10,11,9,10,11.7,5,6,"Wotzka1995_p470_pl36-3",
"Bokuma","1954",,"Imbonga",,,,,,,,,"Wotzka1995_p470_pl36-4",
"Bokuma","1954",,"Imbonga",,,,,,,,,"Wotzka1995_p470_pl36-5",
"Bokuma","1954",,"Imbonga",,,,,,,,,"Wotzka1995_p470_pl36-6",
"Bokuma","1954",,"Imbonga",,,,,,,,,"Wotzka1995_p470_pl36-7",
"Bokuma","1954",,"Imbonga",,,,,,,,,"Wotzka1995_p470_pl36-8",
"Bokuma","1954",,"Imbonga",,,,,,,,,"Wotzka1995_p470_pl36-9",
"Bokuma","1954",,"Imbonga",,,,,,,,,"Wotzka1995_p470_pl36-10",
"Bokuma","1954",,"Imbonga",,,,,,,,,"Wotzka1995_p470_pl36-11",
"Bokuma","1954",,"Imbonga",,,,,,,,,"Wotzka1995_p470_pl36-12",
"Bokuma","1954",,"Imbonga",,,,,,,,,"Wotzka1995_p470_pl36-13",
"Bokuma","1954",,"Imbonga",,,,,,,,,"Wotzka1995_p470_pl36-14",
"Bokuma","1954",,"Imbonga","Wotzka1995 - 3",,,,,,,,"Wotzka1995_p471_pl37-1",
"Bokuma","1954",,"Imbonga","Wotzka1995 - 3",,,,,,,,"Wotzka1995_p471_pl37-2",
"Bokuma","1954",,"Imbonga",,,,,,,,,"Wotzka1995_p471_pl37-3",
"Bokuma","1954",,"Imbonga","Wotzka1995 - 14",,,,,,,,"Wotzka1995_p471_pl37-4",
"Bokuma","1954",,"Imbonga","Wotzka1995 - 4",,,,,,,,"Wotzka1995_p471_pl37-5",
"Bokuma","1954",,"Imbonga","Wotzka1995 - 4",,,,,,,,"Wotzka1995_p471_pl37-6",
"Bokuma","1954",,"Imbonga",,,,,,,,,"Wotzka1995_p471_pl37-7",
"Bokuma","1954",,"Imbonga",,,,,,,,,"Wotzka1995_p471_pl37-8",
"Bokuma","1954",,"Imbonga",,,,,,,,,"Wotzka1995_p471_pl37-9",
"Bokuma","85/1","0","Inganda","Wotzka1995 - 19",13.2,13.4,11.8,7.6,12.8,6.5,5.5,"Wotzka1995_p472_pl38-1",
"Bokuma","85/1","-1","Inganda","Wotzka1995 - 5",16.5,10,15.8,9,16.8,6.9,6,"Wotzka1995_p472_pl38-2",
"Bokuma","85/1","-1","Inganda","Wotzka1995 - 19",10.8,12,11,5.2,11,5.2,4.5,"Wotzka1995_p472_pl38-3",
"Bokuma","85/1","-1","Inganda","Wotzka1995 - 5",18.2,11,17.6,9.8,19.2,7.2,6.8,"Wotzka1995_p472_pl38-4",
"Bokuma","85/1","-0+1","Inganda","Wotzka1995 - 19",,,,,,,,"Wotzka1995_p472_pl38-5",
"Bokuma","85/1","-1","Inganda","Wotzka1995 - 19",,,,,,,,"Wotzka1995_p472_pl38-6",
"Bokuma","85/1","-1","Inganda","Wotzka1995 - 22",4.8,9.8,5.8,6.9,7.9,4.4,3.8,"Wotzka1995_p472_pl38-7",
"Bokuma","85/1","-1","Lokondola/Inganda","Wotzka1995 - 20",,,,,,,,"Wotzka1995_p472_pl38-8",
"Bokuma","85/1","-1+2","Inganda",,16,16,15.5,15.2,17.9,12.8,6.2,"Wotzka1995_p472_pl38-9",
"Bokuma","85/2",,"Inganda","Wotzka1995 - 21",,,,,,,,"Wotzka1995_p473_pl39-1",
"Bokuma","85/2",,"Inganda","Wotzka1995 - 21",,,,,,,,"Wotzka1995_p473_pl39-2",
"Bokuma","85/2",,"Inganda","Wotzka1995 - 19",,,,,,,,"Wotzka1995_p473_pl39-3",
"Bokuma","85/2",,"Inganda","Wotzka1995 - 8",,,,,,,,"Wotzka1995_p473_pl39-4",
"Bokuma","85/2",,"Inganda","Wotzka1995 - 24",,,,,,,,"Wotzka1995_p473_pl39-5",
"Bokuma","85/2",,"Inganda","Wotzka1995 - 19",,,,,,,,"Wotzka1995_p473_pl39-6",
"Bokuma","85/2",,"Inganda","Wotzka1995 - 8",,,,,,,,"Wotzka1995_p473_pl39-7",
"Bokuma","85/2",,"Inganda",,,,,,,,,"Wotzka1995_p473_pl39-8",
"Bokuma","85/2",,"Inganda","Wotzka1995 - 23",11.7,10.8,11.5,10,12.8,6,3.3,"Wotzka1995_p473_pl39-9",
"Bokuma","85/2",,"Inganda","Wotzka1995 - 2",22.7,10.7,22.7,10.7,22.7,10.7,8.3,"Wotzka1995_p473_pl39-10",
"Bokuma","85/2",,"Inganda","Wotzka1995 - 22",6.7,12.5,7.3,8.7,10.7,6,5.7,"Wotzka1995_p473_pl39-11",
"Bokuma","85/2",,"Inganda","Wotzka1995 - 2",20.7,14,20.7,14,20.7,14,8.3,"Wotzka1995_p473_pl39-12",
"Bokuma","85/2",,"Inganda","Wotzka1995 - 5",22.3,13.7,22.3,11.3,23.5,10,9,"Wotzka1995_p473_pl39-13",
"Bokuma","85/2",,"Inganda","Wotzka1995 - 21",,,,,,,,"Wotzka1995_p474_pl40-1",
"Bokuma","85/2",,"Inganda","Wotzka1995 - 19",,,,,,,,"Wotzka1995_p474_pl40-2",
"Bokuma","85/3",,"Bokuma",,,,,,,,,"Wotzka1995_p474_pl40-3",
"Bokuma","85/3",,"Bokuma",,24,22.2,21,19,21.5,11.7,8,"Wotzka1995_p474_pl40-4",
"Bokuma","85/3",,"Bokuma",,,,,,,,,"Wotzka1995_p474_pl40-5",
"Bokuma","85/3",,"Bokuma",,,,,,,,,"Wotzka1995_p474_pl40-6",
"Bokuma","85/3",,"Bokuma",,,,,,,,,"Wotzka1995_p475_pl41-1",
"Bokuma","85/3",,"Bokuma/Lindonga",,,,,,,,,"Wotzka1995_p475_pl41-2",
"Bokuma","85/3",,"Inganda",,,,,,,,,"Wotzka1995_p475_pl41-3",
"Bokuma","85/3",,"Bokuma",,,,,,,,,"Wotzka1995_p475_pl41-4",
"Bokuma","85/3",,"Bokuma",,,,,,,,,"Wotzka1995_p475_pl41-5",
"Bokuma","85/3",,"Lokondola",,,,,,,,,"Wotzka1995_p475_pl41-6",
"Bokuma","85/3",,"Lingonda",,,,,,,,,"Wotzka1995_p475_pl41-7",
"Ikenge","81/1",,"Botendo/Ikenge",,,,,,,,,"Wotzka1995_p475_pl41-8",
"Ikenge","81/1",,"Longa",,,,,,,,,"Wotzka1995_p475_pl41-9",
"Ikenge","81/1",,"Imbonga",,,,,,,,,"Wotzka1995_p475_pl41-10",
"Ikenge","81/1",,"Botendo/Ikenge",,,,,,,,,"Wotzka1995_p475_pl41-11",
"Ikenge","81/1",,"Ikenge",,,,,,,,,"Wotzka1995_p475_pl41-12",
"Ikenge","81/2",,"Imbonga",,,,,,,,,"Wotzka1995_p476_pl42-1",
"Ikenge","81/2",,"Imbonga","Wotzka1995 - 9",,,,,,,,"Wotzka1995_p476_pl42-2",
"Ikenge","81/2",,"Imbonga","Wotzka1995 - 1",13,14.2,11.8,13,16,8.2,7.2,"Wotzka1995_p476_pl42-3",
"Ikenge","81/2",,"Imbonga",,,,,,,,,"Wotzka1995_p476_pl42-4",
"Ikenge","81/2",,"Imbonga",,,,,,,,,"Wotzka1995_p476_pl42-5",
"Bampoko","81/1","-2","Bondongo",,,,,,,,,"Wotzka1995_p477_pl43-1",
"Bampoko","81/1","-2","Longa",,,,,,,,,"Wotzka1995_p477_pl43-2",
"Bampoko","81/1","-5-(1)","Botendo",,,,,,,,,"Wotzka1995_p477_pl43-3",
"Bampoko","81/1","-1","Botendo",,,,,,,,,"Wotzka1995_p477_pl43-4",
"Longa","1-0-1","/3:3","Ingende","Wotzka1995 - 8",,,,,,,,"Wotzka1995_p477_pl43-5",
"Longa","1-0-1","/3","Ingende","Wotzka1995 - 8",13.5,11.5,16.4,7.2,10,1,10,"Wotzka1995_p477_pl43-6",
"Longa","1-0-1","/3","Ingende","Wotzka1995 - 6",,,,,,,,"Wotzka1995_p477_pl43-7",
"Longa","1-0-1","/3","Ingende","Wotzka1995 - 14",,,,,,,,"Wotzka1995_p477_pl43-8",
"Longa","1-0-1","/3","Imbonga","Wotzka1995 - 8",19.5,12.2,20.5,8.8,11.8,1.5,11.2,"Wotzka1995_p477_pl43-9",
"Longa","1-0-1","/3","Imbonga/Inganda",,,,,,,,,"Wotzka1995_p477_pl43-10",
"Longa","1-0-4","5","Ingende",,,,,,,,,"Wotzka1995_p478_pl44-1",
"Longa","1-0-4",,"Ingende",,,,,,,,,"Wotzka1995_p478_pl44-2",
"Longa","1-0-4",,"Ingende",,,,,,,,,"Wotzka1995_p478_pl44-3",
"Longa","1-0-4","4","Ingende/Inganda",,,,,,,,,"Wotzka1995_p478_pl44-4",
"Longa","1-0-4",,"Ingende","Wotzka1995 - 10",8,9.8,7.5,8.8,9.8,5.5,5.2,"Wotzka1995_p478_pl44-5",
"Longa","1-0-4",,"Ingende","Wotzka1995 - 5",,,,,,,,"Wotzka1995_p478_pl44-6",
"Longa","1-0-4",,,,,,,,,,,"Wotzka1995_p478_pl44-7",
"Longa","81/1",,"Imbonga",,,,,,,,,"Wotzka1995_p478_pl44-8",
"Longa","81/1",,"Imbonga",,,,,,,,,"Wotzka1995_p478_pl44-9",
"Longa","81/1",,"Ingende","Wotzka1995 - 8",,,,,,,,"Wotzka1995_p478_pl44-10",
"Longa","81/1",,"Ingende",,,,,,,,,"Wotzka1995_p478_pl44-11",
"Longa","81/1",,"Ingende","Wotzka1995 - 6",,,,,,,,"Wotzka1995_p478_pl44-12",
"Longa","81/1",,"Ingende","Wotzka1995 - 18",,,,,,,,"Wotzka1995_p478_pl44-13",
"Longa","81/1",,"Ingende","Wotzka1995 - 6",,,,,,,,"Wotzka1995_p478_pl44-14",
"Longa","81/1",,"Ingende","Wotzka1995 - 5",,,,,,,,"Wotzka1995_p479_pl45-1",
"Longa","81/1",,"Imbonga",,,,,,,,,"Wotzka1995_p479_pl45-2",
"Benkombo","81/1","/I","Imbonga",,,,,,,,,"Wotzka1995_p479_pl45-3",
"Benkombo","81/1","/I:1","Imbonga",,,,,,,,,"Wotzka1995_p479_pl45-4",
"Benkombo","81/1","/II","Imbonga",,10,15.8,9.2,13.3,15,8.3,5.7,"Wotzka1995_p479_pl45-5",
"Benkombo","81/1","/II:1","Imbonga",,,,,,,,,"Wotzka1995_p479_pl45-6",
"Benkombo","81/1","/II","Imbonga",,,,,,,,,"Wotzka1995_p479_pl45-7",
"Benkombo","81/1","/III","Imbonga","Wotzka1995 - 12",8,13.7,12.7,8,12.7,8,6,"Wotzka1995_p479_pl45-8",
"Benkombo","81/1","/III","Imbonga","Wotzka1995 - 8",,,,,,,,"Wotzka1995_p479_pl45-9",
"Benkombo","81/1","/IV","Imbonga",,,,,,,,,"Wotzka1995_p479_pl45-10",
"Benkombo","81/1","/IV:7","Imbonga",,,,,,,,,"Wotzka1995_p479_pl45-11",
"Botendo","1","-(3)","Botendo",,,,,,,,,"Wotzka1995_p480_pl46-1",
"Botendo","1","-(3)","Botendo",,,,,,,,,"Wotzka1995_p480_pl46-2",
"Botendo","1","-(3)","Botendo",,,,,,,,,"Wotzka1995_p480_pl46-3",
"Botendo","1","-(3)","Botendo",,,,,,,,,"Wotzka1995_p480_pl46-4",
"Botendo","1","-(3)","Botendo",,,,,,,,,"Wotzka1995_p480_pl46-5",
"Botendo","1","-(3)","Botendo",,,,,,,,,"Wotzka1995_p480_pl46-6",
"Botendo","1","-(3)","Botendo",,,,,,,,,"Wotzka1995_p480_pl46-7",
"Botendo","1","-(3)","Botendo",,,,,,,,,"Wotzka1995_p480_pl46-8",
"Botendo","1","-(3)","Botendo",,,,,,,,,"Wotzka1995_p480_pl46-9",
"Botendo","1","-(1)/(3)","Besongo",,,,,,,,,"Wotzka1995_p480_pl46-10",
"Botendo","1","-(3)","Longa",,,,,,,,,"Wotzka1995_p480_pl46-11",
"Botendo","1","-(3)","Mbandaka",,,,,,,,,"Wotzka1995_p480_pl46-12",
"Botendo","1","-(3)","Nkile",,,,,,,,,"Wotzka1995_p480_pl46-13",
"Botendo","2",,"Longa",,,,,,,,,"Wotzka1995_p480_pl46-14",
"Botendo","2",,"Besongo",,,,,,,,,"Wotzka1995_p480_pl46-15",
"Botendo","2",,"Bondongo",,,,,,,,,"Wotzka1995_p480_pl46-16",
"Botendo","2",,"Bondongo/Nkile",,,,,,,,,"Wotzka1995_p480_pl46-17",
"Botendo","2",,"Botendo",,,,,,,,,"Wotzka1995_p480_pl46-18",
"Botendo","2",,"Botendo",,,,,,,,,"Wotzka1995_p480_pl46-19",
"Botendo","2",,"Botendo",,,,,,,,,"Wotzka1995_p480_pl46-20",
"Botendo","2",,"Botendo",,,,,,,,,"Wotzka1995_p481_pl47-1",
"Botendo","2",,"Botendo",,20,23.3,17.2,20.7,28,9,0,"Wotzka1995_p481_pl47-2",
"Botendo","2",,"Botendo",,22.3,28,19,25.3,33,13.3,0,"Wotzka1995_p481_pl47-3",
"Botendo","2",,"Botendo",,,,,,,,,"Wotzka1995_p482_pl48-1",
"Botendo","2",,"Botendo",,,,,,,,,"Wotzka1995_p482_pl48-2",
"Botendo","2",,"Botendo",,8.3,25.7,10.3,19.7,22.8,7.7,0,"Wotzka1995_p482_pl48-3",
"Botendo","2",,"Botendo",,17,9.7,15.7,8.8,15.8,4,0,"Wotzka1995_p482_pl48-4",
"Botendo","2",,"Botendo",,19.7,10.3,17.7,9.7,15,3,0,"Wotzka1995_p482_pl48-5",
"Botendo","2",,"Botendo",,21.7,11.8,20.3,10.8,20.3,3.3,0,"Wotzka1995_p482_pl48-6",
"Botendo","2",,"Botendo",,17.3,8.7,16,7.7,13.7,2.3,0,"Wotzka1995_p482_pl48-7",
"Botendo","2",,"Botendo",,16.7,18,14.3,15,21.7,6.7,0,"Wotzka1995_p482_pl48-8",
"Botendo","2",,"Botendo",,11,25.7,10.7,20,25,7.7,0,"Wotzka1995_p482_pl48-9",
"Botendo","2",,"Botendo",,13,15.4,11.5,13.5,17.8,6.2,0,"Wotzka1995_p483_pl49-1",
"Botendo","2",,"Botendo",,18,10.2,18.8,5.5,18.8,5.5,0,"Wotzka1995_p483_pl49-2",
"Botendo","2",,"Botendo",,16,9.2,14.2,8.2,14.5,3.8,0,"Wotzka1995_p483_pl49-3",
"Botendo","2",,"Botendo",,14.2,14.9,12.6,13.8,18.1,6,0,"Wotzka1995_p483_pl49-4",
"Botendo","2",,"Botendo",,,,,,,,,"Wotzka1995_p483_pl49-5",
"Botendo","2",,"Botendo",,,,,,,,,"Wotzka1995_p483_pl49-6",
"Botendo","2",,"Botendo",,,,,,,,,"Wotzka1995_p483_pl49-7",
"Botendo","2","/0:19","Botendo",,,,,,,,,"Wotzka1995_p483_pl49-8",
"Ingende","83/102",,"Ingende","Wotzka1995 - 17",,,,,,,,"Wotzka1995_p484_pl50-1",
"Ingende","83/102",,"Ingende","Wotzka1995 - 17",,,,,,,,"Wotzka1995_p484_pl50-2",
"Ingende","83/102",,"Ingende",,,,,,,,,"Wotzka1995_p484_pl50-3",
"Ingende","83/102",,"Ingende",,,,,,,,,"Wotzka1995_p484_pl50-4",
"Ingende","83/102",,"Ingende","Wotzka1995 - 5",,,,,,,,"Wotzka1995_p484_pl50-5",
"Ingende",,,"Ingende",,,,,,,,,"Wotzka1995_p484_pl50-6",
"Longa",,,"Imbonga","Wotzka1995 - 6",,,,,,,,"Wotzka1995_p484_pl50-7",
"Ingende",,,"Ingende","Wotzka1995 - 5",,,,,,,,"Wotzka1995_p484_pl50-8",
"Longa",,,"Imbonga",,,,,,,,,"Wotzka1995_p484_pl50-9",
"Bokuma",,,"Imbonga",,,,,,,,,"Wotzka1995_p484_pl50-10",
"Ingende",,,"Imbonga/Inganda",,,,,,,,,"Wotzka1995_p484_pl50-11",
"Ingende",,,"Inganda","Wotzka1995 - 8",,,,,,,,"Wotzka1995_p485_pl51-1",
"Bokuma",,,"Inganda",,,,,,,,,"Wotzka1995_p485_pl51-2",
"Bokele",,,"Lusako",,14.3,11.7,11.5,7,12,3.8,7,"Wotzka1995_p485_pl51-3",
"Nkombo",,,"Lusako",,,,,,,,,"Wotzka1995_p485_pl51-4",
"Bokele",,,"Bokuma",,,,,,,,,"Wotzka1995_p485_pl51-5",
"Bokele",,,"Bokuma",,,,,,,,,"Wotzka1995_p485_pl51-6",
"Bokele",,,"Bokuma/Longa",,,,,,,,,"Wotzka1995_p485_pl51-7",
"Bokele",,,"Longa",,14.8,7.5,13.3,5.2,14.2,2,0,"Wotzka1995_p485_pl51-8",
"Longa",,,"Longa",,18,11.7,16.7,8.3,19.5,6.5,0,"Wotzka1995_p485_pl51-9",
"Longa",,,"Longa",,21,13.8,19.2,11,21.8,7.7,0,"Wotzka1995_p485_pl51-10",
"Ikenge",,,,,,,,,,,,"Wotzka1995_p486_pl52-1",
"Ikua",,,,,,,,,,,,"Wotzka1995_p486_pl52-2",
"Mpaku",,,"Botendo",,,,,,,,,"Wotzka1995_p486_pl52-3",
"Nkile",,,"Botendo",,16.2,8.5,14.8,7,13.5,3.5,0,"Wotzka1995_p486_pl52-4",
"Nkile",,,"Botendo",,,,,,,,,"Wotzka1995_p486_pl52-5",
"Mpaku",,,"Botendo",,,,,,,,,"Wotzka1995_p486_pl52-6",
"Bokuma",,,"Nkile",,6.2,8.5,5.8,7.5,9.5,3.8,0,"Wotzka1995_p486_pl52-7",
"Ikenge",,,"Bondongo",,,,,,,,,"Wotzka1995_p486_pl52-8",
"Ikenge",,,"Besongo",,,,,,,,,"Wotzka1995_p486_pl52-9",
"Ikenge",,,"Bondongo",,11.8,15.9,11,14.6,18.4,5.9,0,"Wotzka1995_p486_pl52-10",
"Imbonga","81/1","-3","Monkoto",,,,,,,,,"Wotzka1995_p487_pl53-1",
"Imbonga","81/1","-3-(3?)","Monkoto",,,,,,,,,"Wotzka1995_p487_pl53-2",
"Imbonga","81/1","-2","Monkoto",,,,,,,,,"Wotzka1995_p487_pl53-3",
"Imbonga","81/1","-2","Monkoto",,,,,,,,,"Wotzka1995_p487_pl53-4",
"Imbonga","81/1","-3-(3?)","Monkoto",,,,,,,,,"Wotzka1995_p487_pl53-5",
"Imbonga","81/1","-2","Monkoto",,,,,,,,,"Wotzka1995_p487_pl53-6",
"Imbonga","81/1","-3-(3?)","Monkoto",,,,,,,,,"Wotzka1995_p487_pl53-7",
"Imbonga","81/1","-3","Monkoto",,,,,,,,,"Wotzka1995_p487_pl53-8",
"Imbonga",,,"Monkoto",,15,16.2,14.8,13.8,17.9,6.2,10,"Wotzka1995_p487_pl53-9",
"Imbonga","81/1","-3","Monkoto",,,,,,,,,"Wotzka1995_p487_pl53-10",
"Imbonga","81/1","-1","Lingonda",,,,,,,,,"Wotzka1995_p487_pl53-11",
"Imbonga","81/1","-1+2","Lingonda",,,,,,,,,"Wotzka1995_p487_pl53-12",
"Imbonga","81/1","-5-(3/4)","Yete",,,,,,,,,"Wotzka1995_p487_pl53-13",
"Imbonga","81/1","1","Lingonda",,,,,,,,,"Wotzka1995_p487_pl53-14",
"Imbonga","81/1","-3","Yete",,,,,,,,,"Wotzka1995_p487_pl53-15",
"Imbonga","81/1","-(2)","Bonkake","Wotzka1995 - 8",,,,,,,,"Wotzka1995_p488_pl54-1",
"Imbonga","81/1","-(2)","Bonkake",,,,,,,,,"Wotzka1995_p488_pl54-2",
"Imbonga","81/1","-(3)","Bonkake","Wotzka1995 - 16",,,,,,,,"Wotzka1995_p488_pl54-3",
"Imbonga","81/1","-(3)","Bonkake","Wotzka1995 - 16",,,,,,,,"Wotzka1995_p488_pl54-4",
"Imbonga","81/1","-(3)","Bonkake","Wotzka1995 - 16",,,,,,,,"Wotzka1995_p488_pl54-5",
"Imbonga","81/1","-(3)","Bonkake",,,,,,,,,"Wotzka1995_p488_pl54-6",
"Imbonga","81/2","-3","Bondongo/Nkile",,,,,,,,,"Wotzka1995_p488_pl54-7",
"Imbonga","81/2","-3","Bondongo",,,,,,,,,"Wotzka1995_p488_pl54-8",
"Imbonga","81/2","-3","Nkile",,,,,,,,,"Wotzka1995_p488_pl54-9",
"Imbonga","81/2","-3","Bondongo",,,,,,,,,"Wotzka1995_p488_pl54-10",
"Imbonga","81/2","-2","Bondongo/Nkile",,,,,,,,,"Wotzka1995_p488_pl54-11",
"Imbonga","81/2","-2","Wafanya",,,,,,,,,"Wotzka1995_p488_pl54-12",
"Imbonga","81/2","-4","Inganda",,,,,,,,,"Wotzka1995_p488_pl54-13",
"Imbonga","81/2","-4","Imbonga/Bonkake",,,,,,,,,"Wotzka1995_p488_pl54-14",
"Imbonga","81/2","-3","Imbonga/Bonkake",,,,,,,,,"Wotzka1995_p488_pl54-15",
"Imbonga","81/2","-5","Bonkake",,,,,,,,,"Wotzka1995_p488_pl54-16",
"Imbonga","81/2","-3","Monkoto",,,,,,,,,"Wotzka1995_p488_pl54-17",
"Imbonga","81/3","-4","Bondongo",,,,,,,,,"Wotzka1995_p488_pl54-18",
"Imbonga","81/3","-5","Bondongo/Nkile",,,,,,,,,"Wotzka1995_p488_pl54-19",
"Imbonga","81/3","-5","Longa",,,,,,,,,"Wotzka1995_p488_pl54-20",
"Imbonga","81/3","-4","Nkile",,,,,,,,,"Wotzka1995_p488_pl54-21",
"Imbonga","81/3","-4","Bondongo/Nkile",,,,,,,,,"Wotzka1995_p488_pl54-22",
"Imbonga","81/3","-5","Bondongo/Nkile",,,,,,,,,"Wotzka1995_p488_pl54-23",
"Imbonga","81/3","-6","Bondongo",,,,,,,,,"Wotzka1995_p488_pl54-24",
"Imbonga","81/3","-4","Bondongo",,,,,,,,,"Wotzka1995_p489_pl55-1",
"Imbonga","81/3","-4","Lingonda",,,,,,,,,"Wotzka1995_p489_pl55-2",
"Imbonga","81/3","-7","Monkoto",,,,,,,,,"Wotzka1995_p489_pl55-3",
"Imbonga","81/3","-7","Monkoto",,,,,,,,,"Wotzka1995_p489_pl55-4",
"Imbonga","81/3","-5","Lingonda",,,,,,,,,"Wotzka1995_p489_pl55-5",
"Imbonga","81/3","-5","Lingonda",,,,,,,,,"Wotzka1995_p489_pl55-6",
"Imbonga","81/3","-5","Lingonda",,,,,,,,,"Wotzka1995_p489_pl55-7",
"Imbonga","81/3","-5","Lingonda",,,,,,,,,"Wotzka1995_p489_pl55-8",
"Imbonga","81/3","-5","Lingonda",,,,,,,,,"Wotzka1995_p489_pl55-9",
"Imbonga","81/3","-5","Lingonda",,,,,,,,,"Wotzka1995_p489_pl55-10",
"Imbonga","81/3","-5","Lingonda",,,,,,,,,"Wotzka1995_p489_pl55-11",
"Imbonga","81/3","-6","Yete",,,,,,,,,"Wotzka1995_p489_pl55-12",
"Imbonga","81/3","-6","Lusako",,,,,,,,,"Wotzka1995_p489_pl55-13",
"Imbonga","81/3","-7","Lusako",,,,,,,,,"Wotzka1995_p489_pl55-14",
"Imbonga","81/3","-6","Yete",,,,,,,,,"Wotzka1995_p489_pl55-15",
"Imbonga","81/3","-7","Yete",,,,,,,,,"Wotzka1995_p489_pl55-16",
"Imbonga","81/3","-5","Yete",,,,,,,,,"Wotzka1995_p489_pl55-17",
"Imbonga","81/3","-6","Yete",,,,,,,,,"Wotzka1995_p489_pl55-18",
"Imbonga","81/3","-6","Yete",,,,,,,,,"Wotzka1995_p489_pl55-19",
"Imbonga","81/3","-5","Bonkake",,,,,,,,,"Wotzka1995_p489_pl55-20",
"Imbonga","81/3","-5","Bonkake",,,,,,,,,"Wotzka1995_p489_pl55-21",
"Imbonga","81/3","-5","Imbonga",,,,,,,,,"Wotzka1995_p489_pl55-22",
"Imbonga","81/3","-5","Imbonga",,,,,,,,,"Wotzka1995_p489_pl55-23",
"Imbonga","81/3","-5","Imbonga",,,,,,,,,"Wotzka1995_p489_pl55-24",
"Imbonga","81/3","-5",,,,,,,,,,"Wotzka1995_p489_pl55-25",
"Imbonga","81/3","1","Bondongo",,,,,,,,,"Wotzka1995_p490_pl56-1",
"Imbonga","81/4",,"Imbonga","Wotzka1995 - 1",25,22.3,24.3,19.3,30,13.3,14.7,"Wotzka1995_p490_pl56-2",
"Imbonga","81/4",,"Imbonga",,13,15.7,12.2,13.8,16.8,8.3,6.7,"Wotzka1995_p490_pl56-3",
"Imbonga","81/4",,"Imbonga",,,,,,,,,"Wotzka1995_p491_pl57-1",
"Imbonga","81/4",,"Imbonga",,,,,,,,,"Wotzka1995_p491_pl57-2",
"Imbonga","81/4",,"Imbonga",,16,14.7,15,13.3,20.3,8.3,8,"Wotzka1995_p491_pl57-3",
"Imbonga","81/4",,"Imbonga",,,,,,,,,"Wotzka1995_p491_pl57-4",
"Imbonga","81/4",,"Imbonga",,,,,,,,,"Wotzka1995_p491_pl57-5",
"Imbonga","81/4",,"Imbonga","Wotzka1995 - 1",,,,,,,,"Wotzka1995_p491_pl57-6",
"Imbonga","81/4",,"Imbonga",,,,,,,,,"Wotzka1995_p491_pl57-7",
"Imbonga","81/4",,"Imbonga",,,,,,,,,"Wotzka1995_p492_pl58-1",
"Imbonga","81/4",,"Imbonga",,,,,,,,,"Wotzka1995_p492_pl58-2",
"Imbonga","81/4",,"Imbonga",,,,,,,,,"Wotzka1995_p492_pl58-3",
"Imbonga","81/4",,"Imbonga",,,,,,,,,"Wotzka1995_p492_pl58-4",
"Imbonga","81/4",,"Imbonga",,,,,,,,,"Wotzka1995_p492_pl58-5",
"Imbonga","81/4",,"Imbonga",,,,,,,,,"Wotzka1995_p492_pl58-6",
"Imbonga","81/4",,"Imbonga",,11.8,16,14.2,14.3,17,9.2,7.2,"Wotzka1995_p492_pl58-7",
"Imbonga","81/6",,"Imbonga",,,,,,,,,"Wotzka1995_p492_pl58-8",
"Imbonga","81/6",,"Bonkake",,,,,,,,,"Wotzka1995_p492_pl58-9",
"Imbonga","81/6",,"Imbonga",,,,,,,,,"Wotzka1995_p492_pl58-10",
"Imbonga","81/7",,"Imbonga/Bonkake",,,,,,,,,"Wotzka1995_p493_pl59-1",
"Imbonga","81/7",,"Imbonga",,,,,,,,,"Wotzka1995_p493_pl59-2",
"Imbonga","81/7",,"Imbonga",,,,,,,,,"Wotzka1995_p493_pl59-3",
"Imbonga","81/7",,"Imbonga",,,,,,,,,"Wotzka1995_p493_pl59-4",
"Imbonga","81/7",,"Imbonga",,,,,,,,,"Wotzka1995_p493_pl59-5",
"Imbonga","81/7",,"Imbonga",,,,,,,,,"Wotzka1995_p493_pl59-6",
"Imbonga","81/7",,"Imbonga",,,,,,,,,"Wotzka1995_p493_pl59-7",
"Imbonga","81/7",,"Imbonga/Bonkake",,,,,,,,,"Wotzka1995_p493_pl59-8",
"Imbonga","81/7",,"Imbonga/Bonkake","Wotzka1995 - 5",,,,,,,,"Wotzka1995_p493_pl59-9",
"Imbonga","81/7",,"Imbonga",,,,,,,,,"Wotzka1995_p493_pl59-10",
"Imbonga","81/7",,"Imbonga",,,,,,,,,"Wotzka1995_p493_pl59-11",
"Imbonga","81/7",,"Imbonga",,,,,,,,,"Wotzka1995_p493_pl59-12",
"Imbonga","81/7",,"Imbonga","Wotzka1995 - 2",19.7,9.2,21.5,8,9.3,1.3,9,"Wotzka1995_p494_pl60-1",
"Imbonga","81/7",,"Imbonga","Wotzka1995 - 2",20,11,21.3,9.8,9.2,1.7,9.3,"Wotzka1995_p494_pl60-2",
"Imbonga","81/7",,"Imbonga",,,,,,,,,"Wotzka1995_p494_pl60-3",
"Imbonga","81/8",,"Bonkake","Wotzka1995 - 5",,,,,,,,"Wotzka1995_p494_pl60-4",
"Imbonga","81/8",,"Bonkake","Wotzka1995 - 5",,,,,,,,"Wotzka1995_p494_pl60-5",
"Imbonga","81/8",,"Bonkake",,,,,,,,,"Wotzka1995_p494_pl60-6",
"Imbonga","81/8",,"Imbonga",,,,,,,,,"Wotzka1995_p494_pl60-7",
"Imbonga","81/8",,"Bonkake","Wotzka1995 - 5",,,,,,,,"Wotzka1995_p494_pl60-8",
"Imbonga","81/8",,"Bonkake","Wotzka1995 - 8",,,,,,,,"Wotzka1995_p495_pl61-1",
"Imbonga","81/8",,"Bonkake","Wotzka1995 - 3",,,,,,,,"Wotzka1995_p495_pl61-2",
"Imbonga","81/8",,"Bonkake",,,,,,,,,"Wotzka1995_p495_pl61-3",
"Imbonga","81/8",,"Bonkake",,,,,,,,,"Wotzka1995_p495_pl61-4",
"Imbonga","81/8",,"Bonkake",,,,,,,,,"Wotzka1995_p495_pl61-5",
"Imbonga","81/8",,"Bonkake","Wotzka1995 - 3",,,,,,,,"Wotzka1995_p495_pl61-6",
"Imbonga","81/8",,"Bonkake","Wotzka1995 - 3",,,,,,,,"Wotzka1995_p495_pl61-7",
"Imbonga","81/8",,"Bonkake","Wotzka1995 - 5",,,,,,,,"Wotzka1995_p495_pl61-8",
"Imbonga","81/9",,"Imbonga",,,,,,,,,"Wotzka1995_p495_pl61-9",
"Imbonga","81/9","/I","Imbonga","Wotzka1995 - 9",10.2,12.5,9.7,9.5,13,6,5.3,"Wotzka1995_p495_pl61-10",
"Imbonga","81/9","/I","Imbonga",,,,,,,,,"Wotzka1995_p495_pl61-11",
"Imbonga","81/9","/I","Imbonga",,,,,,,,,"Wotzka1995_p495_pl61-12",
"Imbonga","81/10",,"Imbonga",,,,,,,,,"Wotzka1995_p495_pl61-13",
"Imbonga","81/10",,"Imbonga/Bonkake",,,,,,,,,"Wotzka1995_p496_pl62-1",
"Imbonga","81/10",,"Imbonga/Bonkake",,,,,,,,,"Wotzka1995_p496_pl62-2",
"Imbonga","81/10",,"Imbonga/Bonkake",,,,,,,,,"Wotzka1995_p496_pl62-3",
"Imbonga","81/10",,"Imbonga/Bonkake",,,,,,,,,"Wotzka1995_p496_pl62-4",
"Imbonga","81/10",,"Imbonga",,,,,,,,,"Wotzka1995_p496_pl62-5",
"Imbonga","81/10",,"Imbonga",,13,15.7,12.2,13.8,16.8,8.3,6.7,"Wotzka1995_p496_pl62-6",
"Imbonga","81/10",,"Imbonga/Bonkake",,,,,,,,,"Wotzka1995_p496_pl62-7",
"Imbonga","81/10",,"Imbonga",,,,,,,,,"Wotzka1995_p496_pl62-8",
"Imbonga","81/10",,"Imbonga",,,,,,,,,"Wotzka1995_p496_pl62-9",
"Imbonga","81/11",,"Inganda","Wotzka1995 - 2",22.7,13.8,10.7,1.3,10.7,1.3,9.7,"Wotzka1995_p496_pl62-10",
"Imbonga","81/12",,"Imbonga",,,,,,,,,"Wotzka1995_p497_pl63-1",
"Imbonga","81/12",,"Imbonga",,,,,,,,,"Wotzka1995_p497_pl63-2",
"Imbonga","81/12",,"Imbonga",,,,,,,,,"Wotzka1995_p497_pl63-3",
"Imbonga","81/12",,"Imbonga",,,,,,,,,"Wotzka1995_p497_pl63-4",
"Imbonga","81/12",,"Imbonga",,,,,,,,,"Wotzka1995_p497_pl63-5",
"Imbonga","81/12",,"Imbonga",,,,,,,,,"Wotzka1995_p497_pl63-6",
"Imbonga","81/12",,"Imbonga",,,,,,,,,"Wotzka1995_p497_pl63-7",
"Imbonga","81/12",,"Imbonga",,,,,,,,,"Wotzka1995_p497_pl63-8",
"Imbonga","81/12",,"Imbonga",,,,,,,,,"Wotzka1995_p497_pl63-9",
"Imbonga","81/12",,"Imbonga",,,,,,,,,"Wotzka1995_p497_pl63-10",
"Imbonga","81/12",,"Imbonga",,,,,,,,,"Wotzka1995_p497_pl63-11",
"Imbonga","81/12",,"Imbonga","Wotzka1995 - 5",,,,,,,,"Wotzka1995_p497_pl63-12",
"Imbonga","81/13",,"Imbonga/Bonkake",,,,,,,,,"Wotzka1995_p498_pl64-1",
"Imbonga","81/13",,"Imbonga",,,,,,,,,"Wotzka1995_p498_pl64-2",
"Bonkake","81/1","2","Imbonga",,,,,,,,,"Wotzka1995_p498_pl64-3",
"Bonkake","81/1",,"Bonkake","Wotzka1995 - 5",,,,,,,,"Wotzka1995_p498_pl64-4",
"Bonkake","81/1","/I:3","Imbonga",,15,15.7,13.5,14.2,19.7,9.3,8,"Wotzka1995_p498_pl64-5",
"Bonkake","81/1","/I","Imbonga",,16,19.8,14.5,17.3,22.7,10.7,7.3,"Wotzka1995_p498_pl64-6",
"Bonkake","81/1","/I","Imbonga",,14,17,13.7,14.2,20,7.3,7,"Wotzka1995_p498_pl64-7",
"Bonkake","81/1","/I","Imbonga",,,,,,,,,"Wotzka1995_p498_pl64-8",
"Bonkake","81/1","/I","Imbonga",,,,,,,,,"Wotzka1995_p498_pl64-9",
"Bonkake","81/1","/I","Imbonga",,,,,,,,,"Wotzka1995_p498_pl64-10",
"Bonkake","81/1","/I:4","Imbonga",,12.7,12.8,11.8,11.7,16.5,7.3,6.7,"Wotzka1995_p499_pl65-1",
"Bonkake","81/1","/I","Imbonga",,,,,,,,,"Wotzka1995_p499_pl65-2",
"Bonkake","81/1","/I","Imbonga",,,,,,,,,"Wotzka1995_p499_pl65-3",
"Bonkake","81/1","/II:1","Imbonga","Wotzka1995 - 5",,,,,,,,"Wotzka1995_p499_pl65-4",
"Bonkake","81/1","/II:2","Bonkake",,,,,,,,,"Wotzka1995_p499_pl65-5",
"Bonkake","81/1","/II","Imbonga/Bonkake",,,,,,,,,"Wotzka1995_p499_pl65-6",
"Bonkake","81/1","/II","Bonkake","Wotzka1995 - 3",,,,,,,,"Wotzka1995_p499_pl65-7",
"Bonkake","81/1","/II","Bonkake","Wotzka1995 - 5",,,,,,,,"Wotzka1995_p499_pl65-8",
"Bonkake","81/1","/II:4","Bonkake","Wotzka1995 - 5",,,,,,,,"Wotzka1995_p499_pl65-9",
"Nkasa",,,"Bonkake","Wotzka1995 - 4",,,,,,,,"Wotzka1995_p499_pl65-10",
"Imbonga",,,"Bonkake","Wotzka1995 - 5",,,,,,,,"Wotzka1995_p499_pl65-11",
"Lombe",,,"Imbonga",,,,,,,,,"Wotzka1995_p499_pl65-12",
"Lusako",,,"Imbonga",,,,,,,,,"Wotzka1995_p499_pl65-13",
"Lokondola",,,"Yete","Wotzka1995 - 31",,,,,,,,"Wotzka1995_p500_pl66-1",
"Bokolongo",,,"Yete","Wotzka1995 - 32",,,,,,,,"Wotzka1995_p500_pl66-2",
"Lusako",,,"Yete",,,,,,,,,"Wotzka1995_p500_pl66-3",
"Lokondola",,,"Yete",,,,,,,,,"Wotzka1995_p500_pl66-4",
"Lokondola",,,"Lokondola/Yete",,,,,,,,,"Wotzka1995_p500_pl66-5",
"Lokondola",,,"Lokondola/Yete",,,,,,,,,"Wotzka1995_p500_pl66-6",
"Lokondola",,,"Lusako",,,,,,,,,"Wotzka1995_p500_pl66-7",
"Lokondola",,,"Lokondola","Wotzka1995 - 20",,,,,,,,"Wotzka1995_p500_pl66-8",
"Lokondola",,,"Lokondola","Wotzka1995 - 28",,,,,,,,"Wotzka1995_p500_pl66-9",
"Lokondola",,,"Lokondola","Wotzka1995 - 27",,,,,,,,"Wotzka1995_p500_pl66-10",
"Nkasa",,,"Lokondola","Wotzka1995 - 28",,,,,,,,"Wotzka1995_p500_pl66-11",
"Lokondola",,,"Lokondola","Wotzka1995 - 27",,,,,,,,"Wotzka1995_p500_pl66-12",
"Nkasa",,,"Lokondola","Wotzka1995 - 28",,,,,,,,"Wotzka1995_p500_pl66-13",
"Lokondola",,,"Lokondola","Wotzka1995 - 27",,,,,,,,"Wotzka1995_p500_pl66-14",
"Lokondola",,,"Lokondola","Wotzka1995 - 27",,,,,,,,"Wotzka1995_p500_pl66-15",
"Bokolongo",,,"Lokondola","Wotzka1995 - 20",19,22.3,17,17.3,19.7,10.7,6.3,"Wotzka1995_p500_pl66-16",
"Bonkake",,,"Imbonga",,,,,,,,,"Wotzka1995_p501_pl67-1",
"Nkasa",,,"Inganda","Wotzka1995 - 25",,,,,,,,"Wotzka1995_p501_pl67-2",
"Bomate",,,,,,,,,,,,"Wotzka1995_p501_pl67-3",
"Bonkake",,,"Imbonga",,,,,,,,,"Wotzka1995_p501_pl67-4",
"Imbonga",,,"Bokuma",,15,10.8,12.8,9.3,13.7,3.7,0,"Wotzka1995_p501_pl67-5",
"Imbonga",,,"Lingonda",,,,,,,,,"Wotzka1995_p501_pl67-6",
"Itumbo",,,"Monkoto",,,,,,,,,"Wotzka1995_p501_pl67-7",
"Nkasa",,,"Monkoto",,,,,,,,,"Wotzka1995_p501_pl67-8",
"Imbonga",,,,,,,,,,,,"Wotzka1995_p501_pl67-9",
"Nkasa Elali",,,"Longa",,18.3,15,18.2,12.7,21,8,0,"Wotzka1995_p501_pl67-10",
"Nkasa Elali",,,"Longa",,,,,,,,,"Wotzka1995_p501_pl67-11",
"Nkasa Elali",,,"Bondongo",,,,,,,,,"Wotzka1995_p501_pl67-12",
"Imbonga",,,"Bondongo",,,,,,,,,"Wotzka1995_p501_pl67-13",
"Nkasa Elali",,,"Botendo",,,,,,,,,"Wotzka1995_p501_pl67-14",
"Imbonga",,,"Botendo",,,,,,,,,"Wotzka1995_p501_pl67-15",
"Imbonga",,,"Nkile",,,,,,,,,"Wotzka1995_p501_pl67-16",
"Bonkake",,,"Botendo",,,,,,,,,"Wotzka1995_p502_pl68-1",
"Wafanya","83/3","-5","Wafanya",,,,,,,,,"Wotzka1995_p502_pl68-2",
"Wafanya","83/3","-6","Wafanya",,,,,,,,,"Wotzka1995_p502_pl68-3",
"Wafanya","83/3","0","Wafanya",,,,,,,,,"Wotzka1995_p502_pl68-4",
"Wafanya","83/3","-6","Wafanya",,,,,,,,,"Wotzka1995_p502_pl68-5",
"Wafanya","83/3","-5","Wafanya",,,,,,,,,"Wotzka1995_p502_pl68-6",
"Wafanya","83/3","-5","Wafanya",,,,,,,,,"Wotzka1995_p502_pl68-7",
"Wafanya","83/3","-4","Wafanya",,,,,,,,,"Wotzka1995_p502_pl68-8",
"Wafanya","83/3","-4","Wafanya",,,,,,,,,"Wotzka1995_p502_pl68-9",
"Wafanya","83/3","-5","Wafanya",,,,,,,,,"Wotzka1995_p502_pl68-10",
"Wafanya","83/3","-5","Wafanya",,,,,,,,,"Wotzka1995_p502_pl68-11",
"Wafanya","83/3","-5","Wafanya",,,,,,,,,"Wotzka1995_p502_pl68-12",
"Wafanya","83/3","-5","Wafanya",,,,,,,,,"Wotzka1995_p502_pl68-13",
"Wafanya","83/3","-4","Bondongo",,,,,,,,,"Wotzka1995_p502_pl68-14",
"Wafanya","83/3","-6","Wafanya",,,,,,,,,"Wotzka1995_p502_pl68-15",
"Wafanya","83/3","-3","Wafanya",,,,,,,,,"Wotzka1995_p502_pl68-16",
"Wafanya","83/3","-4","Wafanya",,,,,,,,,"Wotzka1995_p502_pl68-17",
"Wafanya","83/3","-4","Wafanya",,,,,,,,,"Wotzka1995_p502_pl68-18",
"Wafanya","83/3","-5","Wafanya",,,,,,,,,"Wotzka1995_p502_pl68-19",
"Wafanya","83/3","-5","Wafanya",,,,,,,,,"Wotzka1995_p502_pl68-20",
"Wafanya","83/3","-6","Bekongo",,,,,,,,,"Wotzka1995_p503_pl69-1",
"Wafanya","83/3","-5","Bekongo",,,,,,,,,"Wotzka1995_p503_pl69-2",
"Wafanya","83/3","-5","Bekongo",,,,,,,,,"Wotzka1995_p503_pl69-3",
"Wafanya","83/3","-6","Bokuma",,,,,,,,,"Wotzka1995_p503_pl69-4",
"Wafanya","83/16","-(5)","Bekongo",,,,,,,,,"Wotzka1995_p503_pl69-5",
"Wafanya","83/16","-(1)+(2)","Bekongo",,,,,,,,,"Wotzka1995_p503_pl69-6",
"Wafanya","83/16","-(5)","Bekongo",,,,,,,,,"Wotzka1995_p503_pl69-7",
"Wafanya","83/16","-(6)","Longa",,,,,,,,,"Wotzka1995_p503_pl69-8",
"Wafanya","83/16","-(6)","Longa",,,,,,,,,"Wotzka1995_p503_pl69-9",
"Wafanya","83/16","-(8)","Longa",,,,,,,,,"Wotzka1995_p504_pl70-1",
"Wafanya","83/16","-(5)","Longa",,,,,,,,,"Wotzka1995_p504_pl70-2",
"Wafanya","83/16","-(6)","Longa",,,,,,,,,"Wotzka1995_p504_pl70-3",
"Wafanya","83/16","-(8)","Longa",,,,,,,,,"Wotzka1995_p504_pl70-4",
"Wafanya","83/16","-(5)","Longa",,,,,,,,,"Wotzka1995_p504_pl70-5",
"Wafanya","83/16","-(6)","Longa",,,,,,,,,"Wotzka1995_p504_pl70-6",
"Wafanya","83/16","-(5)","Monkoto",,,,,,,,,"Wotzka1995_p504_pl70-7",
"Wafanya","83/16","-(5)","Wafanya",,,,,,,,,"Wotzka1995_p504_pl70-8",
"Wafanya","83/16","-(5)","Wafanya",,,,,,,,,"Wotzka1995_p504_pl70-9",
"Wafanya","83/16","-(1)+(2)","Monkoto",,,,,,,,,"Wotzka1995_p504_pl70-10",
"Wafanya","83/16","-(5)","Monkoto",,,,,,,,,"Wotzka1995_p504_pl70-11",
"Wafanya","83/16","-(5)","Monkoto",,,,,,,,,"Wotzka1995_p504_pl70-12",
"Nkemasoni","83/1",,"Bekongo",,,,,,,,,"Wotzka1995_p505_pl71-1",
"Nkemasoni","83/1",,"Bokuma",,,,,,,,,"Wotzka1995_p505_pl71-2",
"Monkoto",,,,,,,,,,,,"Wotzka1995_p505_pl71-3",
"Wafanya",,,,,,,,,,,,"Wotzka1995_p505_pl71-4",
"Wafanya",,,,,,,,,,,,"Wotzka1995_p505_pl71-5",
"Monkoto",,,,,,,,,,,,"Wotzka1995_p505_pl71-6",
"Wafanya",,,"Imbonga",,,,,,,,,"Wotzka1995_p505_pl71-7",
"Besau",,,"Imbonga","Wotzka1995 - 5",,,,,,,,"Wotzka1995_p505_pl71-8",
"Momboyo I",,,"Yete","Wotzka1995 - 31",,,,,,,,"Wotzka1995_p505_pl71-9",
"Momboyo I",,,"Yete","Wotzka1995 - 31",,,,,,,,"Wotzka1995_p505_pl71-10",
"Yete",,,"Yete","Wotzka1995 - 29",,,,,,,,"Wotzka1995_p505_pl71-11",
"Besau",,,"Yete",,,,,,,,,"Wotzka1995_p505_pl71-12",
"Yete",,,"Yete","Wotzka1995 - 29",,,,,,,,"Wotzka1995_p505_pl71-13",
"Yete",,,"Yete","Wotzka1995 - 29",,,,,,,,"Wotzka1995_p505_pl71-14",
"Yete",,,"Yete","Wotzka1995 - 29",,,,,,,,"Wotzka1995_p505_pl71-15",
"Yete",,,"Lusako",,,,,,,,,"Wotzka1995_p506_pl72-1",
"Bekongo",,,"Monkoto",,,,,,,,,"Wotzka1995_p506_pl72-2",
"Wafanya",,,"Monkoto",,,,,,,,,"Wotzka1995_p506_pl72-3",
"Bekongo",,,"Monkoto",,,,,,,,,"Wotzka1995_p506_pl72-4",
"Monkoto",,,"Monkoto",,,,,,,,,"Wotzka1995_p506_pl72-5",
"Monkoto",,,"Monkoto",,,,,,,,,"Wotzka1995_p506_pl72-6",
"Bekongo",,,"Monkoto",,,,,,,,,"Wotzka1995_p506_pl72-7",
"Wafanya",,,"Bokuma",,,,,,,,,"Wotzka1995_p506_pl72-8",
"Wafanya",,,"Bokuma",,,,,,,,,"Wotzka1995_p506_pl72-9",
"Wafanya",,,"Longa",,,,,,,,,"Wotzka1995_p506_pl72-10",
"Wafanya",,,"Longa",,,,,,,,,"Wotzka1995_p506_pl72-11",
"Wafanya",,,"Longa",,,,,,,,,"Wotzka1995_p506_pl72-12",
"Wafanya",,,"Longa",,,,,,,,,"Wotzka1995_p507_pl73-1",
"Besau",,,"Longa",,,,,,,,,"Wotzka1995_p507_pl73-2",
"Bekongo",,,"Bekongo",,,,,,,,,"Wotzka1995_p507_pl73-3",
"Wafanya",,,"Bekongo",,,,,,,,,"Wotzka1995_p507_pl73-4",
"Bekongo",,,"Bekongo",,,,,,,,,"Wotzka1995_p507_pl73-5",
"Bekongo",,,"Bekongo",,,,,,,,,"Wotzka1995_p507_pl73-6",
"Bekongo",,,"Bekongo",,,,,,,,,"Wotzka1995_p507_pl73-7",
"Monkoto",,,"Bekongo",,,,,,,,,"Wotzka1995_p507_pl73-8",
"Wafanya",,,"Bekongo",,,,,,,,,"Wotzka1995_p507_pl73-9",
"Wafanya",,,"Bondongo/Nkile",,,,,,,,,"Wotzka1995_p507_pl73-10",
"Wafanya",,,"Mbandaka",,,,,,,,,"Wotzka1995_p507_pl73-11",
"Wafanya",,,"Wafanya",,,,,,,,,"Wotzka1995_p508_pl74-1",
"Besau",,,"Wafanya",,,,,,,,,"Wotzka1995_p508_pl74-2",
"Wafanya",,,"Wafanya",,,,,,,,,"Wotzka1995_p508_pl74-3",
"Besau",,,"Wafanya",,,,,,,,,"Wotzka1995_p508_pl74-4",
"Besau",,,"Wafanya",,,,,,,,,"Wotzka1995_p508_pl74-5",
"Wafanya",,,"Wafanya",,,,,,,,,"Wotzka1995_p508_pl74-6",
"Wafanya",,,"Wafanya",,,,,,,,,"Wotzka1995_p508_pl74-7",
"Wafanya",,,"Bondongo/Nkile",,,,,,,,,"Wotzka1995_p508_pl74-8",
"Yete",,,"Bondongo",,,,,,,,,"Wotzka1995_p508_pl74-9",
"Yete",,,"Nkile",,,,,,,,,"Wotzka1995_p508_pl74-10",
"Boangi",,,"Botendo/Ikenge",,,,,,,,,"Wotzka1995_p508_pl74-11",
"Isaka-Elinga",,,,,,,,,,,,"Wotzka1995_p508_pl74-12",
"Bokala",,,"Imbonga","Wotzka1995 - 13",,,,,,,,"Wotzka1995_p508_pl74-13",
"Isaka-Nkundo",,,"Longa",,,,,,,,,"Wotzka1995_p508_pl74-14",
"Isaka-Nkundo",,,"Longa",,,,,,,,,"Wotzka1995_p508_pl74-15",
"Isaka-Elinga",,,"Lingonda",,,,,,,,,"Wotzka1995_p509_pl75-1",
"Nkuse",,,"Lingonda",,,,,,,,,"Wotzka1995_p509_pl75-2",
"Isaka-Elinga",,,"Lingonda",,,,,,,,,"Wotzka1995_p509_pl75-3",
"Nkuse",,,"Besongo",,,,,,,,,"Wotzka1995_p509_pl75-4",
"Monieka",,,,,,,,,,,,"Wotzka1995_p509_pl75-5",
"Besongo",,,,,,,,,,,,"Wotzka1995_p509_pl75-6",
"Inkaka",,,,,,,,,,,,"Wotzka1995_p509_pl75-7",
"Bokote",,,,,,,,,,,,"Wotzka1995_p509_pl75-8",
"Bokote",,,,,,,,,,,,"Wotzka1995_p509_pl75-9",
"Inkaka",,,"Yete",,,,,,,,,"Wotzka1995_p509_pl75-10",
"Lingonda",,,"Lingonda",,,,,,,,,"Wotzka1995_p510_pl76-1",
"Lingonda",,,"Lingonda",,,,,,,,,"Wotzka1995_p510_pl76-2",
"Lingonda",,,"Lingonda",,,,,,,,,"Wotzka1995_p510_pl76-3",
"Lotoko",,,"Lingonda",,,,,,,,,"Wotzka1995_p510_pl76-4",
"Lingonda",,,"Lingonda",,,,,,,,,"Wotzka1995_p510_pl76-5",
"Lingonda",,,"Lingonda",,,,,,,,,"Wotzka1995_p510_pl76-6",
"Lotoko",,,"Lingonda",,,,,,,,,"Wotzka1995_p510_pl76-7",
"Lingonda",,,"Lingonda",,,,,,,,,"Wotzka1995_p510_pl76-8",
"Lingonda",,,"Lingonda",,,,,,,,,"Wotzka1995_p510_pl76-9",
"Lotoko",,,"Lingonda",,17.5,16.8,10.5,4.9,10.5,4.9,7,"Wotzka1995_p510_pl76-10",
"Lotoko",,,"Lingonda",,,,,,,,,"Wotzka1995_p510_pl76-11",
"Lingonda",,,"Lingonda",,,,,,,,,"Wotzka1995_p510_pl76-12",
"Lingonda",,,"Lingonda",,,,,,,,,"Wotzka1995_p511_pl77-1",
"Lotoko",,,"Lingonda",,,,,,,,,"Wotzka1995_p511_pl77-2",
"Lotoko",,,"Lingonda",,,,,,,,,"Wotzka1995_p511_pl77-3",
"Lingonda",,,"Lingonda",,29,21.8,29,21.8,29,21.8,10.2,"Wotzka1995_p511_pl77-4",
"Besongo",,,"Besongo",,,,,,,,,"Wotzka1995_p512_pl78-1",
"Bokote",,,"Besongo",,,,,,,,,"Wotzka1995_p512_pl78-2",
"Monieka",,,"Besongo",,,,,,,,,"Wotzka1995_p512_pl78-3",
"Nkoyakoli",,,"Besongo",,,,,,,,,"Wotzka1995_p512_pl78-4",
"Nkoyakoli",,,"Besongo",,,,,,,,,"Wotzka1995_p512_pl78-5",
"Bokote",,,"Besongo",,,,,,,,,"Wotzka1995_p512_pl78-6",
"Bokote",,,"Besongo",,,,,,,,,"Wotzka1995_p512_pl78-7",
"Bokote",,,"Besongo",,,,,,,,,"Wotzka1995_p512_pl78-8",
"Besongo",,,"Besongo",,,,,,,,,"Wotzka1995_p512_pl78-9",
"Inkaka",,,"Besongo",,,,,,,,,"Wotzka1995_p512_pl78-10",
"Balolombo",,,"Besongo",,,,,,,,,"Wotzka1995_p512_pl78-11",
"Besongo",,,"Besongo",,,,,,,,,"Wotzka1995_p512_pl78-12",
"Bokote",,,"Longa",,,,,,,,,"Wotzka1995_p512_pl78-13",
"Ikembeli",,,"Bondongo",,,,,,,,,"Wotzka1995_p512_pl78-14",
"Inkaka",,,"Inkaka",,,,,,,,,"Wotzka1995_p513_pl79-1",
"Liyolongo",,,"Inkaka",,,,,,,,,"Wotzka1995_p513_pl79-2",
"Bokote",,,"Inkaka",,,,,,,,,"Wotzka1995_p513_pl79-3",
"Liyolongo",,,"Inkaka",,,,,,,,,"Wotzka1995_p513_pl79-4",
"Inkaka",,,"Inkaka",,,,,,,,,"Wotzka1995_p513_pl79-5",
"Inkaka",,,"Inkaka",,,,,,,,,"Wotzka1995_p513_pl79-6",
"Inkaka",,,"Inkaka",,,,,,,,,"Wotzka1995_p513_pl79-7",
"Liyolongo",,,"Inkaka",,,,,,,,,"Wotzka1995_p513_pl79-8",
"Bosanga",,,"Inkaka",,,,,,,,,"Wotzka1995_p513_pl79-9",
"Liyolongo",,,"Inkaka",,,,,,,,,"Wotzka1995_p513_pl79-10",
"Monieka",,,"Inkaka",,,,,,,,,"Wotzka1995_p514_pl80-1",
"Ngombe-Malala",,,"Inkaka",,23.7,28.3,19.2,24.2,26,13.3,0,"Wotzka1995_p514_pl80-2",
"Bosanga",,,"Inkaka",,27,27,20.5,21.7,27.8,13.7,0,"Wotzka1995_p514_pl80-3",
"Monieka",,,"Botendo",,,,,,,,,"Wotzka1995_p515_pl81-1",
"Liyolongo",,,"Botendo",,,,,,,,,"Wotzka1995_p515_pl81-2",
"Monieka",,,"Botendo",,,,,,,,,"Wotzka1995_p515_pl81-3",
"Liyolongo",,,"Liyolongo",,24,20.8,20.5,18.2,27.1,10.8,0,"Wotzka1995_p515_pl81-4",
"Bolondo","83/1","-1",,,,,,,,,,"Wotzka1995_p516_pl82-1",
"Bolondo","83/1","-13",,,,,,,,,,"Wotzka1995_p516_pl82-2",
"Bolondo","83/1","-1",,,,,,,,,,"Wotzka1995_p516_pl82-3",
"Bolondo","83/1","-6",,,,,,,,,,"Wotzka1995_p516_pl82-4",
"Bolondo","83/1","-1",,,,,,,,,,"Wotzka1995_p516_pl82-5",
"Bolondo","83/1","-3",,,,,,,,,,"Wotzka1995_p516_pl82-6",
"Bolondo","83/1","-2",,,,,,,,,,"Wotzka1995_p516_pl82-7",
"Bolondo","83/1","-1",,,,,,,,,,"Wotzka1995_p516_pl82-8",
"Bolondo","83/1","-2",,,,,,,,,,"Wotzka1995_p516_pl82-9",
"Bolondo","83/1","-1","Bokone",,,,,,,,,"Wotzka1995_p516_pl82-10",
"Bolondo","83/1","-0","Bokone",,,,,,,,,"Wotzka1995_p516_pl82-11",
"Bolondo","83/1","-2",,,,,,,,,,"Wotzka1995_p516_pl82-12",
"Bolondo","83/1","-4","Bolondo",,,,,,,,,"Wotzka1995_p516_pl82-13",
"Bolondo","83/1","-2","Bolondo",,,,,,,,,"Wotzka1995_p516_pl82-14",
"Bolondo","83/1","-3","Bolondo",,,,,,,,,"Wotzka1995_p516_pl82-15",
"Bolondo","83/1","-6","Bolondo",,,,,,,,,"Wotzka1995_p516_pl82-16",
"Bolondo","83/1","-4","Bolondo",,,,,,,,,"Wotzka1995_p516_pl82-17",
"Bolondo","83/1","-4","Bolondo",,,,,,,,,"Wotzka1995_p516_pl82-18",
"Bolondo","83/1","-7","Bolondo",,,,,,,,,"Wotzka1995_p516_pl82-19",
"Bolondo","83/1","-6","Bolondo",,,,,,,,,"Wotzka1995_p516_pl82-20",
"Bolondo","83/1","-4","Bolondo",,,,,,,,,"Wotzka1995_p516_pl82-21",
"Bolondo","83/1","-7","Bolondo",,,,,,,,,"Wotzka1995_p516_pl82-22",
"Bolondo","83/1","-5","Bolondo",,,,,,,,,"Wotzka1995_p516_pl82-23",
"Bolondo","83/1","-4","Bolondo",,,,,,,,,"Wotzka1995_p516_pl82-24",
"Bolondo","83/1","-0","Bolondo",,,,,,,,,"Wotzka1995_p516_pl82-25",
"Bolondo","83/1","-3","Bolondo",,,,,,,,,"Wotzka1995_p517_pl83-1",
"Bolondo","83/1","-4","Bolondo",,,,,,,,,"Wotzka1995_p517_pl83-2",
"Bolondo","83/1","-8","Bolondo",,,,,,,,,"Wotzka1995_p517_pl83-3",
"Bolondo","83/1","-4","Bolondo",,,,,,,,,"Wotzka1995_p517_pl83-4",
"Bolondo","83/1","-5+6","Bolondo",,,,,,,,,"Wotzka1995_p517_pl83-5",
"Bolondo","83/1","-4","Bolondo",,,,,,,,,"Wotzka1995_p517_pl83-6",
"Bolondo","83/1","-3","Bolondo",,,,,,,,,"Wotzka1995_p517_pl83-7",
"Bolondo","83/1","-3","Bolondo",,,,,,,,,"Wotzka1995_p517_pl83-8",
"Bolondo","83/1","-3","Bolondo",,,,,,,,,"Wotzka1995_p517_pl83-9",
"Bolondo","83/1","-3","Bolondo",,,,,,,,,"Wotzka1995_p517_pl83-10",
"Bolondo","83/1","-2","Bolondo",,,,,,,,,"Wotzka1995_p517_pl83-11",
"Bolondo","83/1","-3+4","Bolondo",,,,,,,,,"Wotzka1995_p517_pl83-12",
"Bolondo","83/1","-8","Bosanga",,,,,,,,,"Wotzka1995_p517_pl83-13",
"Bolondo","83/1","-10","Bosanga",,,,,,,,,"Wotzka1995_p517_pl83-14",
"Bolondo","83/1","-12","Nkile",,,,,,,,,"Wotzka1995_p518_pl84-1",
"Bolondo","83/1","-9","Nkile",,,,,,,,,"Wotzka1995_p518_pl84-2",
"Bolondo","83/1","-11+12","Nkile",,,,,,,,,"Wotzka1995_p518_pl84-3",
"Bolondo","83/1","-12","Nkile",,,,,,,,,"Wotzka1995_p518_pl84-4",
"Bolondo","83/1","-11","Nkile",,,,,,,,,"Wotzka1995_p518_pl84-5",
"Bolondo","83/1","-7","Nkile",,,,,,,,,"Wotzka1995_p518_pl84-6",
"Bolondo","83/1","-0+Sk.Hor.","Wema",,,,,,,,,"Wotzka1995_p518_pl84-7",
"Bolondo","83/1","-13","Wema",,,,,,,,,"Wotzka1995_p518_pl84-8",
"Bolondo","83/1","-12","Wema",,,,,,,,,"Wotzka1995_p518_pl84-9",
"Bolondo","83/1","-Sk.Hor.","Wema",,,,,,,,,"Wotzka1995_p518_pl84-10",
"Bolondo","83/1","-13","Wema",,,,,,,,,"Wotzka1995_p518_pl84-11",
"Bolondo","83/1","-12","Wema",,,,,,,,,"Wotzka1995_p518_pl84-12",
"Bolondo","83/1","-13","Wema",,,,,,,,,"Wotzka1995_p518_pl84-13",
"Bolondo","83/1","-11","Besongo",,,,,,,,,"Wotzka1995_p518_pl84-14",
"Bolondo","83/1","-14","Bondongo",,,,,,,,,"Wotzka1995_p518_pl84-15",
"Bolondo","83/1","-12","Bondongo/Nkile",,,,,,,,,"Wotzka1995_p518_pl84-16",
"Bolondo","83/1","-12","Bondongo",,,,,,,,,"Wotzka1995_p518_pl84-17",
"Bolondo","83/2","-(1)","Bolombi",,,,,,,,,"Wotzka1995_p519_pl85-1",
"Bolondo","83/2","-(1)","Bokone",,,,,,,,,"Wotzka1995_p519_pl85-2",
"Bolondo","83/2","-(2)","Bokone",,,,,,,,,"Wotzka1995_p519_pl85-3",
"Bolondo","83/2","-(2)","Bokone",,,,,,,,,"Wotzka1995_p519_pl85-4",
"Bolondo","83/2","-(2)","Bokone",,,,,,,,,"Wotzka1995_p519_pl85-5",
"Bolondo","83/2","-(2)",,,,,,,,,,"Wotzka1995_p519_pl85-6",
"Bolondo","83/2","-(1)","Bokone",,,,,,,,,"Wotzka1995_p519_pl85-7",
"Bolondo","83/2","-(3)","Bokone",,,,,,,,,"Wotzka1995_p519_pl85-8",
"Bolondo","83/2","-(7)","Bolondo",,,,,,,,,"Wotzka1995_p519_pl85-9",
"Bolondo","83/2",,"Bolondo",,,,,,,,,"Wotzka1995_p519_pl85-10",
"Bolondo","83/2","-(7)","Bolondo",,,,,,,,,"Wotzka1995_p519_pl85-11",
"Bolondo","83/2","-(7)","Bolondo",,,,,,,,,"Wotzka1995_p519_pl85-12",
"Bolondo","83/2",,"Bosanga",,,,,,,,,"Wotzka1995_p519_pl85-13",
"Bolondo","83/2","-(8)+(9)","Bosanga",,,,,,,,,"Wotzka1995_p519_pl85-14",
"Bolondo","83/2","-(8)+(9)","Nkile",,,,,,,,,"Wotzka1995_p519_pl85-15",
"Bolondo","83/2","-(7)","Nkile",,,,,,,,,"Wotzka1995_p519_pl85-16",
"Bolondo","83/2","-(11)","Bondongo",,,,,,,,,"Wotzka1995_p520_pl86-1",
"Bolondo","83/2","-(11)","Bondongo",,,,,,,,,"Wotzka1995_p520_pl86-2",
"Bolondo","83/2","-(10)","Bondongo",,,,,,,,,"Wotzka1995_p520_pl86-3",
"Bolondo","83/2","-(10)","Wema",,,,,,,,,"Wotzka1995_p520_pl86-4",
"Bolondo","83/2","-(10)","Bondongo/Nkile",,,,,,,,,"Wotzka1995_p520_pl86-5",
"Bolondo","83/2",,"Bolondo",,,,,,,,,"Wotzka1995_p520_pl86-6",
"Bolondo","83/4",,"Bolondo",,,,,,,,,"Wotzka1995_p520_pl86-7",
"Bolondo","83/6",,"Bondongo",,,,,,,,,"Wotzka1995_p520_pl86-8",
"Bolondo","83/6",,"Wema",,,,,,,,,"Wotzka1995_p520_pl86-9",
"Bokungu",,,,,,,,,,,,"Wotzka1995_p520_pl86-10",
"Wete",,,,,,,,,,,,"Wotzka1995_p520_pl86-11",
"Isambo-Elongo",,,,,,,,,,,,"Wotzka1995_p520_pl86-12",
"Isambo-Elongo",,,,,,,,,,,,"Wotzka1995_p520_pl86-13",
"Boende",,,"Lusako",,,,,,,,,"Wotzka1995_p521_pl87-1",
"Boende",,,"Lingonda",,,,,,,,,"Wotzka1995_p521_pl87-2",
"Boende",,,"Monkoto",,,,,,,,,"Wotzka1995_p521_pl87-3",
"Bokungu Moke",,,"Longa",,18.4,15.2,17.1,10.2,19.8,7.8,0,"Wotzka1995_p521_pl87-4",
"Balinga-Bokonda",,,"Bosanga",,,,,,,,,"Wotzka1995_p521_pl87-5",
"Bokungu Moke",,,"Bondongo",,,,,,,,,"Wotzka1995_p521_pl87-6",
"Bokungu Moke",,,"Longa",,,,,,,,,"Wotzka1995_p521_pl87-7",
"Bokungu Moke",,,"Bondongo",,,,,,,,,"Wotzka1995_p521_pl87-8",
"Bokungu Moke",,,"Bondongo/Wema",,,,,,,,,"Wotzka1995_p522_pl88-1",
"Bolondo",,,"Bolondo",,,,,,,,,"Wotzka1995_p522_pl88-2",
"Balinga-Bokonda",,,"Bolondo",,,,,,,,,"Wotzka1995_p522_pl88-3",
"Bolondo",,,"Besongo/Bolondo",,,,,,,,,"Wotzka1995_p522_pl88-4",
"Bokao",,,"Bolondo",,,,,,,,,"Wotzka1995_p522_pl88-5",
"Bokao",,,"Bolondo",,,,,,,,,"Wotzka1995_p522_pl88-6",
"Bokao",,,"Bolondo",,,,,,,,,"Wotzka1995_p522_pl88-7",
"Ifomo",,,"Bolondo",,,,,,,,,"Wotzka1995_p522_pl88-8",
"Bolondo",,,"Bolondo",,,,,,,,,"Wotzka1995_p522_pl88-9",
"Isambo-Elongo",,,"Bolondo",,,,,,,,,"Wotzka1995_p522_pl88-10",
"Isambo-Elongo",,,"Bolondo",,,,,,,,,"Wotzka1995_p522_pl88-11",
"Bokao",,,"Bolondo/Bokone",,,,,,,,,"Wotzka1995_p522_pl88-12",
"Balinga-Bokonda",,,"Bolondo",,,,,,,,,"Wotzka1995_p522_pl88-13",
"Bolombi",,,"Bokone",,,,,,,,,"Wotzka1995_p523_pl89-1",
"Ikomaloki",,,"Bokone",,,,,,,,,"Wotzka1995_p523_pl89-2",
"Bokao",,,"Bokone",,,,,,,,,"Wotzka1995_p523_pl89-3",
"Bolondo",,,"Bokone",,,,,,,,,"Wotzka1995_p523_pl89-4",
"Bokone-Itela",,,"Bokone",,,,,,,,,"Wotzka1995_p523_pl89-5",
"Bokone-Itela",,,"Bokone",,,,,,,,,"Wotzka1995_p523_pl89-6",
"Esangaonje",,,"Bokone",,,,,,,,,"Wotzka1995_p523_pl89-7",
"Bokone-Nongo",,,"Bokone",,,,,,,,,"Wotzka1995_p523_pl89-8",
"Bokone-Nongo",,,"Bokone",,,,,,,,,"Wotzka1995_p523_pl89-9",
"Bokone-Nongo",,,"Bokone",,,,,,,,,"Wotzka1995_p523_pl89-10",
"Bokone-Itela",,,"Bokone",,,,,,,,,"Wotzka1995_p523_pl89-11",
"Bokone-Itela",,,"Bokone",,,,,,,,,"Wotzka1995_p523_pl89-12",
"Bokone-Itela",,,"Bokone",,,,,,,,,"Wotzka1995_p523_pl89-13",
"Bokone-Nongo",,,"Bokone",,,,,,,,,"Wotzka1995_p523_pl89-14",
"Bokone-Itela",,,"Bokone",,,,,,,,,"Wotzka1995_p523_pl89-15",
"Bokone-Nongo",,,"Bokone",,,,,,,,,"Wotzka1995_p523_pl89-16",
"Bokone-Itela",,,"Bokone",,,,,,,,,"Wotzka1995_p523_pl89-17",
"Balinga-Bokonda",,,"Bokone",,,,,,,,,"Wotzka1995_p523_pl89-18",
"Bondombe-Etat",,,"Bokone",,,,,,,,,"Wotzka1995_p523_pl89-19",
"Bokone-Itela",,,"Bokone",,,,,,,,,"Wotzka1995_p523_pl89-20",
"Bokone-Itela",,,"Bokone",,,,,,,,,"Wotzka1995_p523_pl89-21",
"Ilemba",,,"Bolombi",,,,,,,,,"Wotzka1995_p524_pl90-1",
"Bolombi",,,"Bokone",,,,,,,,,"Wotzka1995_p524_pl90-2",
"Ilemba",,,"Bolombi",,,,,,,,,"Wotzka1995_p524_pl90-3",
"Ilemba",,,"Bolombi",,,,,,,,,"Wotzka1995_p524_pl90-4",
"Balinga-Bokonda",,,"Bolombi",,,,,,,,,"Wotzka1995_p524_pl90-5",
"Balinga-Bokonda",,,"Bolombi",,,,,,,,,"Wotzka1995_p524_pl90-6",
"Ilemba",,,"Bolombi",,,,,,,,,"Wotzka1995_p524_pl90-7",
"Ilemba",,,"Ilemba-Bokonda",,,,,,,,,"Wotzka1995_p524_pl90-8",
"Balinga-Bokonda",,,"Ilemba-Bokonda",,,,,,,,,"Wotzka1995_p524_pl90-9",
"Balinga-Bokonda",,,"Ilemba-Bokonda",,,,,,,,,"Wotzka1995_p524_pl90-10",
"Esangaonje",,,"Ilemba-Bokonda",,,,,,,,,"Wotzka1995_p524_pl90-11",
"Balinga-Bokonda",,,"Ilemba-Bokonda",,,,,,,,,"Wotzka1995_p524_pl90-12",
"Balinga-Bokonda",,,"Ilemba-Bokonda",,,,,,,,,"Wotzka1995_p524_pl90-13",
"Balinga-Bokonda",,,"Ilemba-Bokonda",,,,,,,,,"Wotzka1995_p524_pl90-14",
"Balinga-Bokonda",,,"Ilemba-Bokonda",,,,,,,,,"Wotzka1995_p524_pl90-15",
"Balinga-Bokonda",,,"Ilemba-Bokonda",,7.2,8.2,7.6,6.5,8.6,3,0,"Wotzka1995_p524_pl90-16",
"Bolondo",,,"Ilemba-Bokonda",,,,,,,,,"Wotzka1995_p524_pl90-17",
"Eanja",,,"Ilemba-Bokonda",,,,,,,,,"Wotzka1995_p525_pl91-1",
"Balinga-Bokonda",,,"Ilemba-Bokonda",,13.3,11.2,11.8,9,14.2,5,0,"Wotzka1995_p525_pl91-2",
"Balinga-Bokonda",,,"Ilemba-Bokonda",,15.7,6.8,14.8,4.7,14.8,4.7,0,"Wotzka1995_p525_pl91-3",
"Ekoli-Bokungu",,,"Ilemba-Bokonda",,22.3,18.7,19,16.2,22.2,9.3,0,"Wotzka1995_p525_pl91-4",
"Ekoli-Bokungu",,,"Ilemba-Bokonda",,22,11.7,22.8,9,22.8,9,0,"Wotzka1995_p525_pl91-5",
"Ekoli-Bokungu",,,"Ilemba-Bokonda",,6.5,11,11.7,2.5,11.7,2.5,0,"Wotzka1995_p525_pl91-6",
"Balinga-Bokonda",,,"Ilemba-Bokonda",,4,19.3,4.3,13.3,16,4,5.7,"Wotzka1995_p525_pl91-7",
"Balinga-Bokonda",,,"Ilemba-Bokonda",,18.3,4.8,18.7,2.7,18.7,2.7,0,"Wotzka1995_p525_pl91-8",
"Iteli",,,"Ingende",,,,,,,,,"Wotzka1995_p526_pl92-1",
"Bolomba",,,"Lokondola",,,,,,,,,"Wotzka1995_p526_pl92-2",
"Iteli",,,"Ingende","Wotzka1995 - 6",,,,,,,,"Wotzka1995_p526_pl92-3",
"Bombimba",,,"Yete","Wotzka1995 - 30",13.8,16.8,12.5,12.2,15,5.2,8.3,"Wotzka1995_p526_pl92-4",
"Bombimba",,,"Bokuma",,,,,,,,,"Wotzka1995_p526_pl92-5",
"Boyenge",,,"Longa",,18.7,15.7,17.7,14.3,20.3,9.3,0,"Wotzka1995_p526_pl92-6",
"Monzambi",,,"Inganda","Wotzka1995 - 2",24,15,11,2.7,11,2.7,9.7,"Wotzka1995_p526_pl92-7",
"Bondo",,,,,,,,,,,,"Wotzka1995_p527_pl93-1",
"Bombimba",,,"Bondongo",,,,,,,,,"Wotzka1995_p527_pl93-2",
"Boyenge",,,"Bondongo",,,,,,,,,"Wotzka1995_p527_pl93-3",
"Bombimba",,,"Nkile",,10.5,12.9,9.6,11.6,16,5.2,0,"Wotzka1995_p527_pl93-4",
"Bombimba",,,"Bondongo",,,,,,,,,"Wotzka1995_p527_pl93-5",
"Bombimba",,,"Bondongo",,,,,,,,,"Wotzka1995_p527_pl93-6",
"Ntomba",,,"Botendo",,,,,,,,,"Wotzka1995_p527_pl93-7",
"Malelembe",,,"Malelembe",,,,,,,,,"Wotzka1995_p527_pl93-8",
"Malelembe",,,"Malelembe",,,,,,,,,"Wotzka1995_p527_pl93-9",
"Malelembe",,,"Malelembe",,,,,,,,,"Wotzka1995_p527_pl93-10",
"Monzambi",,,"Botendo",,3.5,20.5,5.4,13.6,16.1,6.1,0,"Wotzka1995_p527_pl93-11",
"Boso-Njafo","85/1","-4:11","Imbonga",,12.7,18.3,11.7,16.7,20.3,10.7,7.3,"Wotzka1995_p528_pl94-1",
"Boso-Njafo","85/1",,"Imbonga",,,,,,,,,"Wotzka1995_p528_pl94-2",
"Boso-Njafo","85/1",,"Imbonga",,,,,,,,,"Wotzka1995_p528_pl94-3",
"Boso-Njafo","85/1",,"Imbonga",,,,,,,,,"Wotzka1995_p528_pl94-4",
"Boso-Njafo","85/1","27","Imbonga","Wotzka1995 - 15",12.3,8.8,12.3,8.8,12.3,8.8,5,"Wotzka1995_p528_pl94-5",
"Boso-Njafo","85/1","-3:7","Imbonga",,12.2,18.3,11,17,19.5,11.7,8.3,"Wotzka1995_p528_pl94-6",
"Boso-Njafo","85/1","-1:18","Imbonga","Wotzka1995 - 10",7.8,12.8,6.7,10.7,11.2,6.7,6,"Wotzka1995_p528_pl94-7",
"Boso-Njafo","85/1",,"Imbonga",,,,,,,,,"Wotzka1995_p528_pl94-8",
"Boso-Njafo","85/1","21","Imbonga",,13.7,18.3,12.7,16.7,20.5,10,7.7,"Wotzka1995_p528_pl94-9",
"Boso-Njafo","85/1","-2:10 -3:10","Imbonga",,14.2,19.7,12.8,17.3,21.3,11.7,9.3,"Wotzka1995_p528_pl94-10",
"Boso-Njafo","85/1",,"Imbonga","Wotzka1995 - 7",9,19.7,7.2,17.7,17.3,10,8.7,"Wotzka1995_p529_pl95-1",
"Boso-Njafo","85/1","25","Imbonga","Wotzka1995 - 1",12,17.3,10.5,15.3,18,9.7,6.7,"Wotzka1995_p529_pl95-2",
"Boso-Njafo","85/1","22","Imbonga",,11.7,17,10.5,14,18.3,9.3,7.7,"Wotzka1995_p529_pl95-3",
"Boso-Njafo","85/1","26","Imbonga",,12.3,18,10.7,16,18.7,9.3,7.7,"Wotzka1995_p529_pl95-4",
"Boso-Njafo","85/1",,"Imbonga",,,,,,,,,"Wotzka1995_p529_pl95-5",
"Boso-Njafo","85/1",,"Imbonga",,,,,,,,,"Wotzka1995_p529_pl95-6",
"Boso-Njafo","85/1","-1:4 -2:4","Imbonga",,11.7,17.2,10.3,16,19.2,10.7,8.7,"Wotzka1995_p529_pl95-7",
"Boso-Njafo","85/1",,"Imbonga",,,,,,,,,"Wotzka1995_p530_pl96-1",
"Boso-Njafo","85/1",,"Imbonga",,,,,,,,,"Wotzka1995_p530_pl96-2",
"Boso-Njafo","85/1","-1:15","Imbonga",,,,,,,,,"Wotzka1995_p530_pl96-3",
"Boso-Njafo","85/1",,"Imbonga",,,,,,,,,"Wotzka1995_p530_pl96-4",
"Boso-Njafo","85/1","-1:5","Imbonga",,9.7,15,8,13,14.8,8.3,6.7,"Wotzka1995_p530_pl96-5",
"Boso-Njafo","85/1",,"Imbonga",,,,,,,,,"Wotzka1995_p530_pl96-6",
"Boso-Njafo","85/2",,"Imbonga",,,,,,,,,"Wotzka1995_p530_pl96-7",
"Boso-Njafo","85/3",,"Imbonga",,,,,,,,,"Wotzka1995_p530_pl96-8",
"Boso-Njafo","85/3",,"Imbonga",,,,,,,,,"Wotzka1995_p530_pl96-9",
"Boso-Njafo","85/3","5","Imbonga",,12,16.7,10.8,14.7,17.8,9,7,"Wotzka1995_p530_pl96-10",
"Boso-Njafo","85/3",,"Imbonga",,,,,,,,,"Wotzka1995_p530_pl96-11",
"Boso-Njafo","85/3",,"Imbonga",,,,,,,,,"Wotzka1995_p530_pl96-12",
"Boso-Njafo","85/3","1","Imbonga","Wotzka1995 - 1",12.8,17,12.3,15.5,20,11.3,5.7,"Wotzka1995_p530_pl96-13",
"Boso-Njafo","85/3","2","Imbonga",,11.8,16.3,10.7,14.3,17.3,8.7,7,"Wotzka1995_p530_pl96-14",
"Bolongo",,,"Imbonga","Wotzka1995 - 11",,,,,,,,"Wotzka1995_p531_pl97-1",
"Boso-Njafo",,,"Imbonga",,,,,,,,,"Wotzka1995_p531_pl97-2",
"Bolongo",,,"Imbonga","Wotzka1995 - 20",,,,,,,,"Wotzka1995_p531_pl97-3",
"Losombo",,,"Imbonga","Wotzka1995 - 15",,,,,,,,"Wotzka1995_p531_pl97-4",
"Ingonda Bosopela",,,"Pikunda-Munda",,,,,,,,,"Wotzka1995_p531_pl97-5",
"Ingonda Bosopela",,,"Inganda","Wotzka1995 - 20",,,,,,,,"Wotzka1995_p531_pl97-6",
"Ingonda Bosopela",,,"Nkile",,10,14.2,9,13,16.2,6.3,0,"Wotzka1995_p531_pl97-7",
"Boso-Njafo",,,"Longa",,24.7,5.3,20,3.3,20,3.3,0,"Wotzka1995_p531_pl97-8",
"Boso-Njafo-Plantation",,,"Longa",,21.2,16.7,19.3,14,21.7,11.3,0,"Wotzka1995_p531_pl97-9",
"Bolongo",,,"Ubangi-Ngiri-""Import""",,8.3,33.8,6.3,30,12.7,18.3,0,"Wotzka1995_p531_pl97-10",
"Bolongo",,,"Botendo",,,,,,,,,"Wotzka1995_p532_pl98-1",
"Bolongo",,,"Lokonge",,,,,,,,,"Wotzka1995_p532_pl98-2",
"Ilebo",,,"Botendo",,,,,,,,,"Wotzka1995_p532_pl98-3",
"Baringa","85/1","1","Bondongo",,,,,,,,,"Wotzka1995_p532_pl98-4",
"Baringa","85/1","3","Bondongo",,,,,,,,,"Wotzka1995_p532_pl98-5",
"Baringa","85/1","4","Bondongo",,,,,,,,,"Wotzka1995_p532_pl98-6",
"Baringa","85/1",,"Bondongo",,,,,,,,,"Wotzka1995_p532_pl98-7",
"Baringa","85/1",,"Bondongo",,,,,,,,,"Wotzka1995_p532_pl98-8",
"Baringa","85/1","46","Bondongo",,,,,,,,,"Wotzka1995_p532_pl98-9",
"Baringa","85/1","185","Bondongo",,,,,,,,,"Wotzka1995_p532_pl98-10",
"Baringa","85/1","2","Bondongo",,,,,,,,,"Wotzka1995_p532_pl98-11",
"Baringa","85/1",,"Bondongo",,,,,,,,,"Wotzka1995_p533_pl99-1",
"Baringa","85/1",,"Bondongo",,,,,,,,,"Wotzka1995_p533_pl99-2",
"Baringa","85/1",,"Bondongo",,,,,,,,,"Wotzka1995_p533_pl99-3",
"Baringa","85/1",,"Bondongo",,,,,,,,,"Wotzka1995_p533_pl99-4",
"Baringa","85/1",,"Bondongo",,,,,,,,,"Wotzka1995_p533_pl99-5",
"Baringa","85/1",,"Bondongo",,,,,,,,,"Wotzka1995_p533_pl99-6",
"Baringa","85/1",,"Bondongo",,,,,,,,,"Wotzka1995_p533_pl99-7",
"Baringa","85/1",,"Bondongo",,,,,,,,,"Wotzka1995_p533_pl99-8",
"Baringa","85/1",,"Bondongo",,,,,,,,,"Wotzka1995_p533_pl99-9",
"Baringa","85/1",,"Bondongo",,,,,,,,,"Wotzka1995_p533_pl99-10",
"Baringa","85/1",,"Bondongo",,,,,,,,,"Wotzka1995_p533_pl99-11",
"Baringa","85/1",,"Bondongo",,,,,,,,,"Wotzka1995_p533_pl99-12",
"Baringa","85/1",,"Bondongo",,,,,,,,,"Wotzka1995_p533_pl99-13",
"Baringa","85/1",,"Bondongo",,,,,,,,,"Wotzka1995_p533_pl99-14",
"Baringa","85/1",,"Bondongo",,,,,,,,,"Wotzka1995_p533_pl99-15",
"Baringa","85/1","5","Bondongo",,,,,,,,,"Wotzka1995_p533_pl99-16",
"Mpokioko",,,"Mpokioko",,,,,,,,,"Wotzka1995_p534_pl100-1",
"Mpokioko",,,"Mpokioko",,,,,,,,,"Wotzka1995_p534_pl100-2",
"Lokonge",,,"Mpokioko",,,,,,,,,"Wotzka1995_p534_pl100-3",
"Ngongo",,,"Bokone",,,,,,,,,"Wotzka1995_p534_pl100-4",
"Baulu",,,"Likuku",,,,,,,,,"Wotzka1995_p534_pl100-5",
"Likuku",,,"Likuku",,,,,,,,,"Wotzka1995_p534_pl100-6",
"Lokonge",,,"Lokonge",,,,,,,,,"Wotzka1995_p534_pl100-7",
"Lokonge",,,"Lokonge",,,,,,,,,"Wotzka1995_p534_pl100-8",
"Baulu",,,"Lokonge",,,,,,,,,"Wotzka1995_p534_pl100-9",
"Baringa",,,"Lokonge",,,,,,,,,"Wotzka1995_p534_pl100-10",
"Molanga",,,"Longa",,,,,,,,,"Wotzka1995_p534_pl100-11",
"Molanga",,,"Longa",,,,,,,,,"Wotzka1995_p534_pl100-12",
"Befori",,,"Yopoko",,,,,,,,,"Wotzka1995_p535_pl101-1",
"Befori",,,"Yopoko",,,,,,,,,"Wotzka1995_p535_pl101-2",
"Lokonge",,,"Yopoko",,,,,,,,,"Wotzka1995_p535_pl101-3",
"Lioko",,,"Yopoko",,,,,,,,,"Wotzka1995_p535_pl101-4",
"Baringa",,,"Yopoko",,,,,,,,,"Wotzka1995_p535_pl101-5",
"Befori",,,"Yopoko",,,,,,,,,"Wotzka1995_p535_pl101-6",
"Yopoko",,,"Yopoko",,21.2,18.5,17.5,14,21.2,7.5,0,"Wotzka1995_p535_pl101-7",
"Boyela",,,"Lisala",,,,,,,,,"Wotzka1995_p535_pl101-8",
"Lisala",,,"Lisala",,,,,,,,,"Wotzka1995_p536_pl102-1",
"Nkomba",,,"Nkomba",,,,,,,,,"Wotzka1995_p536_pl102-2",
"Nkomba",,,"Nkomba",,,,,,,,,"Wotzka1995_p536_pl102-3",
"Nkomba",,,"Nkomba",,,,,,,,,"Wotzka1995_p536_pl102-4",
"Nkomba",,,,,,,,,,,,"Wotzka1995_p536_pl102-5",
"Nkomba",,,"Nkomba",,,,,,,,,"Wotzka1995_p536_pl102-6",
"Nkomba",,,"Nkomba",,,,,,,,,"Wotzka1995_p536_pl102-7",
"Nkomba",,,"Nkomba",,,,,,,,,"Wotzka1995_p536_pl102-8",
"Nkomba",,,"Nkomba",,,,,,,,,"Wotzka1995_p536_pl102-9",
"Nkomba",,,"Nkomba",,,,,,,,,"Wotzka1995_p536_pl102-10",
"Nkomba",,,"Nkomba",,,,,,,,,"Wotzka1995_p536_pl102-11",
"Nkomba",,,"Nkomba",,,,,,,,,"Wotzka1995_p536_pl102-12",
"Nkomba",,,"Nkomba",,,,,,,,,"Wotzka1995_p536_pl102-13",
"Nkomba",,,"Nkomba",,,,,,,,,"Wotzka1995_p536_pl102-14",
"Nkomba",,,"Nkomba",,,,,,,,,"Wotzka1995_p536_pl102-15",
"Nkomba",,,"Nkomba",,,,,,,,,"Wotzka1995_p536_pl102-16",
"Nkomba",,,,,,,,,,,,"Wotzka1995_p536_pl102-17",
"Kingabwa",,"KGB 74 A1 40-45","Bondongo",,,,,,,,,"Wotzka1995_p537_pl103-1",
"Kingabwa",,"King. B 73321 1.-0.24;31.","Bondongo",,,,,,,,,"Wotzka1995_p537_pl103-2",
"Kingabwa",,"L. King. A 73269 1.-0.4/0.6,14.","Bondongo",,,,,,,,,"Wotzka1995_p537_pl103-3",
"Kingabwa",,"KGB 74 C5 30-35","Bondongo",,,,,,,,,"Wotzka1995_p538_pl104-1",
"Kingabwa",,"KGB 74 C4 25-30","Bondongo",,,,,,,,,"Wotzka1995_p538_pl104-2",
"Kingabwa",,"KGB 74 C4 20-25","Bondongo",,,,,,,,,"Wotzka1995_p538_pl104-3",
"Kingabwa",,"KGB A8 5-10","Bondongo",,,,,,,,,"Wotzka1995_p538_pl104-4",
"Kingabwa",,"KGB 74 C4 25-30","Bondongo",,,,,,,,,"Wotzka1995_p538_pl104-5",
"Kingabwa",,"73323.17","Bondongo",,,,,,,,,"Wotzka1995_p538_pl104-6",
"Kingabwa",,"L. King. B2 73321 -0.40; 31.","Bondongo",,,,,,,,,"Wotzka1995_p538_pl104-7",
"Kingabwa",,"KGB A8 0-5","Bondongo",,,,,,,,,"Wotzka1995_p538_pl104-8",
"Kingabwa",,"KGB 74 C4 15-20","Bondongo",,,,,,,,,"Wotzka1995_p539_pl105-1",
"Kingabwa",,"KGB 74 C4 10-15","Bondongo",,,,,,,,,"Wotzka1995_p539_pl105-2",
"Kingabwa",,"KGB 74 C4 15-20","Bondongo",,,,,,,,,"Wotzka1995_p539_pl105-3",
"Ikenge",,,"Ikenge",,17.7,12.7,15.5,10.5,17.5,6.8,0,"EggertKanimba1980_p425_fig21-1",
"Ikenge","500","4","Ikenge",,23.2,17.5,20.9,15.5,24.1,7.7,0,"EggertKanimba1980_p425_fig21-2",
"Ikenge","500","3","Ikenge",,23.6,22,21.8,19.5,27.7,10,0,"EggertKanimba1980_p425_fig21-3",
"Ikenge",,,"Ikenge",,,,,,,,,"EggertKanimba1980_p426_fig22-1a",
"Ikenge","500","8","Ikenge",,19.5,14.5,18.6,12.7,23.6,7.3,0,"EggertKanimba1980_p426_fig22-1b",
"Ikenge",,,"Ikenge",,14.5,9.1,14.1,7.7,15.7,4.5,0,"EggertKanimba1980_p426_fig22-2",
"Ikenge",,,"Ikenge",,,,,,,,,"EggertKanimba1980_p426_fig22-3",
"Ikenge",,,"Ikenge",,22.7,16.4,21.1,14.5,24.1,7.7,0,"EggertKanimba1980_p426_fig22-4",
"Ikenge",,,"Ikenge",,20,25,17.3,22.7,29.5,11.4,0,"EggertKanimba1980_p427_fig23-1",
"Ikenge","500","13","Ikenge",,15.9,16.6,15.5,15,19.8,7.3,0,"EggertKanimba1980_p427_fig23-2",
"Ikenge",,,"Ikenge",,11.8,11.8,11.4,10.5,14.5,5.5,0,"EggertKanimba1980_p427_fig23-3",
"Ikenge",,,"Ikenge",,12.7,5,12.7,5,12.7,5,0,"EggertKanimba1980_p427_fig23-4",
"Ikenge",,,"Ikenge",,18.2,5,18.2,5,18.2,5,13.2,"EggertKanimba1980_p427_fig23-5",
"Ikenge","500","12","Ikenge",,22.7,10.9,20.9,9.1,21.4,5.9,0,"EggertKanimba1980_p428_fig24-1",
"Ikenge","500","10","Ikenge",,27.3,11.4,25.9,9.1,25.7,5.5,0,"EggertKanimba1980_p428_fig24-2",
"Ikenge",,,"Ikenge",,10.2,10.7,12,5.5,12,5.5,6.8,"EggertKanimba1980_p428_fig24-3",
"Ikenge",,,"Ikenge",,9.5,10.9,11.8,3.2,11.8,3.2,5.5,"EggertKanimba1980_p428_fig24-4",
"Ikenge",,,"Ikenge",,,,,,,,,"EggertKanimba1980_p428_fig24-5a",
"Ikenge",,,"Ikenge",,9.5,13.4,10.5,11.4,12.3,5,6.6,"EggertKanimba1980_p428_fig24-5b",
"Ikenge",,,"Ikenge",,,,,,,,,"EggertKanimba1980_p429_fig25-1a",
"Ikenge","500","29","Ikenge",,4.3,30.9,5,21.8,22.3,7.7,5.9,"EggertKanimba1980_p429_fig25-1b",
"Ikenge","500","34","Ikenge",,12.7,13.6,17.7,9.1,10.9,2.3,11.8,"EggertKanimba1980_p429_fig25-2",
"Ikenge","500","1","Ikenge",,11.8,35.9,10.9,30.5,32.7,12.7,0,"EggertKanimba1980_p430_fig26-1",
"Ikenge","500","32","Ikenge",,11.4,22.7,30.5,15,18,3.2,20,"EggertKanimba1980_p430_fig26-2",
"Sungu","87/101",,"Pikunda-Munda",,,,,,,,,"Seidensticker2021_p413_pl32-1","832"
"Pikunda","87/1",,"Pikunda-Munda",,,,,,,,,"Seidensticker2021_p425_pl44-3","682"
"Munda","87/2-1-1","-4:2","Pikunda-Munda",,,,,,,,,"Seidensticker2021_p472_pl91-1","337"
"Munda","87/2-1-1","-2:2 -4:3","Pikunda-Munda",,,,,,,,,"Seidensticker2021_p472_pl91-2","333"
"Munda","87/2-1-1","-4:5,6,8","Pikunda-Munda",,,,,,,,,"Seidensticker2021_p472_pl91-3","341"
"Munda","87/2-1-1","-4:7","Pikunda-Munda",,,,,,,,,"Seidensticker2021_p472_pl91-4","342"
"Munda","87/2-1-1","-5:2","Pikunda-Munda",,,,,,,,,"Seidensticker2021_p472_pl91-5","345"
"Munda","87/2-1-1","-7:2","Pikunda-Munda",,,,,,,,,"Seidensticker2021_p472_pl91-6","346"
"Munda","87/2-1-1","-8:3","Pikunda-Munda",,,,,,,,,"Seidensticker2021_p472_pl91-7","349"
"Munda","87/2-1-1","-8:1","Pikunda-Munda",,,,,,,,,"Seidensticker2021_p472_pl91-8","347"
"Munda","87/2-1-3","-1:1b","Pikunda-Munda",,,,,,,,,"Seidensticker2021_p473_pl92-1","371"
"Munda","87/2-1-3","-1:2","Pikunda-Munda",,,,,,,,,"Seidensticker2021_p473_pl92-2","382"
"Munda","87/2-1-3","-1:1a","Pikunda-Munda",,,,,,,,,"Seidensticker2021_p473_pl92-3","368"
"Munda","87/2-1-3","-1:4","Pikunda-Munda",,,,,,,,,"Seidensticker2021_p473_pl92-4","406"
"Munda","87/2-1-3","-2:3","Pikunda-Munda",,,,,,,,,"Seidensticker2021_p473_pl92-5","390"
"Munda","87/2-1-3","-5:5","Pikunda-Munda",,,,,,,,,"Seidensticker2021_p473_pl92-6","411"
"Munda","87/2-1-3","-6:6","Pikunda-Munda",,,,,,,,,"Seidensticker2021_p473_pl92-7","420"
"Munda","87/2-1-3",":8","Pikunda-Munda",,,,,,,,,"Seidensticker2021_p473_pl92-8","354"
"Munda","87/2-1-3","-3/-4/-5:18","Pikunda-Munda",,,,,,,,,"Seidensticker2021_p473_pl92-9","396"
"Munda","87/2-1-3",":7 -1:e-f","Pikunda-Munda",,,,,,,,,"Seidensticker2021_p474_pl93-1","353"
"Munda","87/2-1-3","-5:12","Pikunda-Munda",,,,,,,,,"Seidensticker2021_p474_pl93-2","410"
"Munda","87/2-1-3",":10","Pikunda-Munda",,,,,,,,,"Seidensticker2021_p474_pl93-3","357"
"Munda","87/2-1-3",":9","Pikunda-Munda",,,,,,,,,"Seidensticker2021_p474_pl93-4","356"
"Munda","87/2-1-3",":13a","Pikunda-Munda",,,,,,,,,"Seidensticker2021_p474_pl93-5","423"
"Munda","87/2-1-3","-6:15","Pikunda-Munda",,,,,,,,,"Seidensticker2021_p474_pl93-6","413"
"Munda","87/2-1-3","-4:11","Pikunda-Munda",,,,,,,,,"Seidensticker2021_p474_pl93-7","403"
"Munda","87/2-1-3","-1/-2/-3:8","Pikunda-Munda",,,,,,,,,"Seidensticker2021_p474_pl93-8","3464"
"Munda","87/3","/II/-2-2-1,2,3,4:14-15","Pikunda-Munda",,,,,,,,,"Seidensticker2021_p475_pl94-1","428"
